[{"model": "admin.logentry", "pk": 1, "fields": {"action_time": "2021-11-10T14:08:22.052", "user": 1, "content_type": 15, "object_id": "1", "object_repr": "Rezacs", "action_flag": 1, "change_message": "[{\"added\": {}}]"}}, {"model": "admin.logentry", "pk": 2, "fields": {"action_time": "2021-11-10T14:15:45.835", "user": 1, "content_type": 18, "object_id": "1", "object_repr": "Grups object (1)", "action_flag": 1, "change_message": "[{\"added\": {}}]"}}, {"model": "admin.logentry", "pk": 3, "fields": {"action_time": "2021-11-10T14:56:55.347", "user": 1, "content_type": 17, "object_id": "1", "object_repr": "Mobile", "action_flag": 1, "change_message": "[{\"added\": {}}]"}}, {"model": "admin.logentry", "pk": 4, "fields": {"action_time": "2021-11-10T14:57:46.515", "user": 1, "content_type": 19, "object_id": "1", "object_repr": "Iphone 13 Pro", "action_flag": 1, "change_message": "[{\"added\": {}}]"}}, {"model": "admin.logentry", "pk": 5, "fields": {"action_time": "2021-11-10T14:57:58.288", "user": 1, "content_type": 7, "object_id": "1", "object_repr": "Rezacs Iphone 13 Pro", "action_flag": 1, "change_message": "[{\"added\": {}}]"}}, {"model": "admin.logentry", "pk": 6, "fields": {"action_time": "2021-11-10T14:58:09.840", "user": 1, "content_type": 12, "object_id": "1", "object_repr": "Rezacs Iphone 13 Pro", "action_flag": 1, "change_message": "[{\"added\": {}}]"}}, {"model": "admin.logentry", "pk": 7, "fields": {"action_time": "2021-11-10T15:14:22.741", "user": 1, "content_type": 8, "object_id": "1", "object_repr": "Rezacs Iphone 13 Pro", "action_flag": 1, "change_message": "[{\"added\": {}}]"}}, {"model": "admin.logentry", "pk": 8, "fields": {"action_time": "2021-11-10T19:27:06.158", "user": 1, "content_type": 15, "object_id": "2", "object_repr": "Akkk", "action_flag": 1, "change_message": "[{\"added\": {}}]"}}, {"model": "admin.logentry", "pk": 9, "fields": {"action_time": "2021-11-10T19:27:21.822", "user": 1, "content_type": 12, "object_id": "2", "object_repr": "Akkk Iphone 13 Pro", "action_flag": 1, "change_message": "[{\"added\": {}}]"}}, {"model": "admin.logentry", "pk": 10, "fields": {"action_time": "2021-11-10T19:27:34.944", "user": 1, "content_type": 16, "object_id": "1", "object_repr": "Payment object (1)", "action_flag": 1, "change_message": "[{\"added\": {}}]"}}, {"model": "admin.logentry", "pk": 11, "fields": {"action_time": "2021-11-12T12:19:23.767", "user": 1, "content_type": 15, "object_id": "3", "object_repr": "Alizcg", "action_flag": 1, "change_message": "[{\"added\": {}}]"}}, {"model": "admin.logentry", "pk": 12, "fields": {"action_time": "2021-11-12T12:19:57.491", "user": 1, "content_type": 19, "object_id": "2", "object_repr": "samsung galaxy 20", "action_flag": 1, "change_message": "[{\"added\": {}}]"}}, {"model": "admin.logentry", "pk": 13, "fields": {"action_time": "2021-11-12T12:20:24.265", "user": 1, "content_type": 13, "object_id": "1", "object_repr": "Rezacs samsung galaxy 20", "action_flag": 1, "change_message": "[{\"added\": {}}]"}}, {"model": "admin.logentry", "pk": 14, "fields": {"action_time": "2021-11-12T12:20:33.851", "user": 1, "content_type": 13, "object_id": "2", "object_repr": "Alizcg Iphone 13 Pro", "action_flag": 1, "change_message": "[{\"added\": {}}]"}}, {"model": "admin.logentry", "pk": 15, "fields": {"action_time": "2021-11-12T12:20:46.695", "user": 1, "content_type": 13, "object_id": "3", "object_repr": "Akkk samsung galaxy 20", "action_flag": 1, "change_message": "[{\"added\": {}}]"}}, {"model": "admin.logentry", "pk": 16, "fields": {"action_time": "2021-11-12T12:20:57.435", "user": 1, "content_type": 12, "object_id": "3", "object_repr": "Alizcg samsung galaxy 20", "action_flag": 1, "change_message": "[{\"added\": {}}]"}}, {"model": "admin.logentry", "pk": 17, "fields": {"action_time": "2021-11-13T13:52:32.348", "user": 1, "content_type": 7, "object_id": "2", "object_repr": "Akkk samsung galaxy 20", "action_flag": 1, "change_message": "[{\"added\": {}}]"}}, {"model": "admin.logentry", "pk": 18, "fields": {"action_time": "2021-11-14T11:50:50.473", "user": 1, "content_type": 9, "object_id": "1", "object_repr": "Order object (1)", "action_flag": 1, "change_message": "[{\"added\": {}}]"}}, {"model": "admin.logentry", "pk": 19, "fields": {"action_time": "2021-11-14T11:50:58.772", "user": 1, "content_type": 19, "object_id": "1", "object_repr": "Iphone 13 Pro", "action_flag": 2, "change_message": "[{\"changed\": {\"fields\": [\"Supply\"]}}]"}}, {"model": "admin.logentry", "pk": 20, "fields": {"action_time": "2021-11-14T11:51:52.473", "user": 1, "content_type": 19, "object_id": "3", "object_repr": "Aroosak Batman", "action_flag": 1, "change_message": "[{\"added\": {}}]"}}, {"model": "admin.logentry", "pk": 21, "fields": {"action_time": "2021-11-15T13:10:56.758", "user": 1, "content_type": 11, "object_id": "1", "object_repr": "Rezacs Rezacs samsung galaxy 20", "action_flag": 1, "change_message": "[{\"added\": {}}]"}}, {"model": "admin.logentry", "pk": 22, "fields": {"action_time": "2021-11-15T13:11:12.859", "user": 1, "content_type": 11, "object_id": "2", "object_repr": "Rezacs Alizcg Iphone 13 Pro", "action_flag": 1, "change_message": "[{\"added\": {}}]"}}, {"model": "admin.logentry", "pk": 23, "fields": {"action_time": "2021-11-15T13:11:28.320", "user": 1, "content_type": 9, "object_id": "1", "object_repr": "Order object (1)", "action_flag": 2, "change_message": "[]"}}, {"model": "admin.logentry", "pk": 24, "fields": {"action_time": "2021-11-15T13:15:09.172", "user": 1, "content_type": 14, "object_id": "1", "object_repr": "Alizcg Rezacs samsung galaxy 20", "action_flag": 1, "change_message": "[{\"added\": {}}]"}}, {"model": "admin.logentry", "pk": 25, "fields": {"action_time": "2021-11-16T14:26:05.466", "user": 1, "content_type": 10, "object_id": "1", "object_repr": "Email_response object (1)", "action_flag": 1, "change_message": "[{\"added\": {}}]"}}, {"model": "admin.logentry", "pk": 26, "fields": {"action_time": "2021-11-16T14:26:38.424", "user": 1, "content_type": 18, "object_id": "2", "object_repr": "ketab", "action_flag": 1, "change_message": "[{\"added\": {}}]"}}, {"model": "admin.logentry", "pk": 27, "fields": {"action_time": "2021-11-16T14:27:06.368", "user": 1, "content_type": 17, "object_id": "2", "object_repr": "ketab dastani", "action_flag": 1, "change_message": "[{\"added\": {}}]"}}, {"model": "admin.logentry", "pk": 28, "fields": {"action_time": "2021-11-16T14:46:38.113", "user": 1, "content_type": 19, "object_id": "4", "object_repr": "tom sayer", "action_flag": 1, "change_message": "[{\"added\": {}}]"}}, {"model": "admin.logentry", "pk": 29, "fields": {"action_time": "2021-11-16T19:13:04.822", "user": 1, "content_type": 20, "object_id": "1", "object_repr": "Apple", "action_flag": 1, "change_message": "[{\"added\": {}}]"}}, {"model": "admin.logentry", "pk": 30, "fields": {"action_time": "2021-11-16T19:13:14.335", "user": 1, "content_type": 19, "object_id": "1", "object_repr": "Iphone 13 Pro", "action_flag": 2, "change_message": "[{\"changed\": {\"fields\": [\"Tag\"]}}]"}}, {"model": "admin.logentry", "pk": 31, "fields": {"action_time": "2021-11-16T19:27:29.619", "user": 1, "content_type": 19, "object_id": "4", "object_repr": "tom sayer", "action_flag": 3, "change_message": ""}}, {"model": "admin.logentry", "pk": 32, "fields": {"action_time": "2021-11-16T19:27:29.696", "user": 1, "content_type": 19, "object_id": "3", "object_repr": "Aroosak Batman", "action_flag": 3, "change_message": ""}}, {"model": "admin.logentry", "pk": 33, "fields": {"action_time": "2021-11-16T19:27:29.780", "user": 1, "content_type": 19, "object_id": "2", "object_repr": "samsung galaxy 20", "action_flag": 3, "change_message": ""}}, {"model": "admin.logentry", "pk": 34, "fields": {"action_time": "2021-11-16T19:27:29.874", "user": 1, "content_type": 19, "object_id": "1", "object_repr": "Iphone 13 Pro", "action_flag": 3, "change_message": ""}}, {"model": "admin.logentry", "pk": 35, "fields": {"action_time": "2021-11-16T20:00:16.544", "user": 1, "content_type": 21, "object_id": "1", "object_repr": "pooshaak", "action_flag": 1, "change_message": "[{\"added\": {}}]"}}, {"model": "admin.logentry", "pk": 36, "fields": {"action_time": "2021-11-16T20:00:26.800", "user": 1, "content_type": 21, "object_id": "2", "object_repr": "lebas bache", "action_flag": 1, "change_message": "[{\"added\": {}}]"}}, {"model": "admin.logentry", "pk": 37, "fields": {"action_time": "2021-11-16T20:00:44.144", "user": 1, "content_type": 21, "object_id": "3", "object_repr": "kafsh mardoone", "action_flag": 1, "change_message": "[{\"added\": {}}]"}}, {"model": "admin.logentry", "pk": 38, "fields": {"action_time": "2021-11-16T20:00:58.505", "user": 1, "content_type": 21, "object_id": "4", "object_repr": "katooni nike", "action_flag": 1, "change_message": "[{\"added\": {}}]"}}, {"model": "admin.logentry", "pk": 39, "fields": {"action_time": "2021-11-16T20:01:13.816", "user": 1, "content_type": 21, "object_id": "5", "object_repr": "lavazem khonegi", "action_flag": 1, "change_message": "[{\"added\": {}}]"}}, {"model": "admin.logentry", "pk": 40, "fields": {"action_time": "2021-11-16T20:01:24.471", "user": 1, "content_type": 21, "object_id": "6", "object_repr": "yakhchal", "action_flag": 1, "change_message": "[{\"added\": {}}]"}}, {"model": "admin.logentry", "pk": 41, "fields": {"action_time": "2021-11-16T20:28:53.398", "user": 1, "content_type": 20, "object_id": "2", "object_repr": "corona", "action_flag": 1, "change_message": "[{\"added\": {}}]"}}, {"model": "admin.logentry", "pk": 42, "fields": {"action_time": "2021-11-16T20:28:57.297", "user": 1, "content_type": 24, "object_id": "1", "object_repr": "corona", "action_flag": 1, "change_message": "[{\"added\": {}}]"}}, {"model": "admin.logentry", "pk": 43, "fields": {"action_time": "2021-11-16T21:07:32.395", "user": 1, "content_type": 24, "object_id": "2", "object_repr": "taasire corona bar eqtesad", "action_flag": 1, "change_message": "[{\"added\": {}}]"}}, {"model": "admin.logentry", "pk": 44, "fields": {"action_time": "2021-11-16T21:31:19.897", "user": 1, "content_type": 29, "object_id": "1", "object_repr": "Rezacs factor on 2021-11-16 21:31:19.891370+00:00", "action_flag": 1, "change_message": "[{\"added\": {}}]"}}, {"model": "admin.logentry", "pk": 45, "fields": {"action_time": "2021-11-16T21:36:48.908", "user": 1, "content_type": 21, "object_id": "7", "object_repr": "Technology Things", "action_flag": 1, "change_message": "[{\"added\": {}}]"}}, {"model": "admin.logentry", "pk": 46, "fields": {"action_time": "2021-11-16T21:37:05.805", "user": 1, "content_type": 21, "object_id": "8", "object_repr": "Mobile", "action_flag": 1, "change_message": "[{\"added\": {}}]"}}, {"model": "admin.logentry", "pk": 47, "fields": {"action_time": "2021-11-16T21:37:13.723", "user": 1, "content_type": 19, "object_id": "1", "object_repr": "Iphone 13 Pro", "action_flag": 1, "change_message": "[{\"added\": {}}]"}}, {"model": "admin.logentry", "pk": 48, "fields": {"action_time": "2021-11-16T21:37:26.213", "user": 1, "content_type": 30, "object_id": "1", "object_repr": "Iphone 13 Pro factor on 2021-11-16 21:37:26.209343+00:00", "action_flag": 1, "change_message": "[{\"added\": {}}]"}}, {"model": "admin.logentry", "pk": 49, "fields": {"action_time": "2021-11-17T19:22:00.864", "user": 1, "content_type": 12, "object_id": "4", "object_repr": "Rezacs Iphone 13 Pro", "action_flag": 1, "change_message": "[{\"added\": {}}]"}}, {"model": "admin.logentry", "pk": 50, "fields": {"action_time": "2021-11-17T19:22:19.777", "user": 1, "content_type": 13, "object_id": "4", "object_repr": "Rezacs Iphone 13 Pro", "action_flag": 1, "change_message": "[{\"added\": {}}]"}}, {"model": "admin.logentry", "pk": 51, "fields": {"action_time": "2021-11-17T19:22:38.734", "user": 1, "content_type": 20, "object_id": "3", "object_repr": "samsung", "action_flag": 1, "change_message": "[{\"added\": {}}]"}}, {"model": "admin.logentry", "pk": 52, "fields": {"action_time": "2021-11-17T19:23:52.354", "user": 1, "content_type": 19, "object_id": "2", "object_repr": "samsung galaxy 20", "action_flag": 1, "change_message": "[{\"added\": {}}]"}}, {"model": "admin.logentry", "pk": 53, "fields": {"action_time": "2021-11-17T19:24:03.265", "user": 1, "content_type": 13, "object_id": "5", "object_repr": "Akkk samsung galaxy 20", "action_flag": 1, "change_message": "[{\"added\": {}}]"}}, {"model": "admin.logentry", "pk": 54, "fields": {"action_time": "2021-11-17T19:24:20.416", "user": 1, "content_type": 14, "object_id": "1", "object_repr": "Rezacs Akkk samsung galaxy 20", "action_flag": 1, "change_message": "[{\"added\": {}}]"}}, {"model": "admin.logentry", "pk": 55, "fields": {"action_time": "2021-11-18T11:27:28.829", "user": 1, "content_type": 24, "object_id": "3", "object_repr": "apple geroon forosh ast", "action_flag": 1, "change_message": "[{\"added\": {}}]"}}, {"model": "admin.logentry", "pk": 56, "fields": {"action_time": "2021-11-20T20:00:33.269", "user": 1, "content_type": 21, "object_id": "8", "object_repr": "Mobile", "action_flag": 3, "change_message": ""}}, {"model": "admin.logentry", "pk": 57, "fields": {"action_time": "2021-11-20T20:00:33.329", "user": 1, "content_type": 21, "object_id": "7", "object_repr": "Technology Things", "action_flag": 3, "change_message": ""}}, {"model": "admin.logentry", "pk": 58, "fields": {"action_time": "2021-11-20T20:00:33.427", "user": 1, "content_type": 21, "object_id": "3", "object_repr": "kafsh mardoone", "action_flag": 3, "change_message": ""}}, {"model": "admin.logentry", "pk": 59, "fields": {"action_time": "2021-11-20T20:00:33.512", "user": 1, "content_type": 21, "object_id": "4", "object_repr": "katooni nike", "action_flag": 3, "change_message": ""}}, {"model": "admin.logentry", "pk": 60, "fields": {"action_time": "2021-11-20T20:00:33.596", "user": 1, "content_type": 21, "object_id": "5", "object_repr": "lavazem khonegi", "action_flag": 3, "change_message": ""}}, {"model": "admin.logentry", "pk": 61, "fields": {"action_time": "2021-11-20T20:00:33.682", "user": 1, "content_type": 21, "object_id": "2", "object_repr": "lebas bache", "action_flag": 3, "change_message": ""}}, {"model": "admin.logentry", "pk": 62, "fields": {"action_time": "2021-11-20T20:00:33.766", "user": 1, "content_type": 21, "object_id": "1", "object_repr": "pooshaak", "action_flag": 3, "change_message": ""}}, {"model": "admin.logentry", "pk": 63, "fields": {"action_time": "2021-11-20T20:00:33.822", "user": 1, "content_type": 21, "object_id": "6", "object_repr": "yakhchal", "action_flag": 3, "change_message": ""}}, {"model": "admin.logentry", "pk": 64, "fields": {"action_time": "2021-11-20T20:06:38.687", "user": 1, "content_type": 21, "object_id": "1", "object_repr": "Technology Things", "action_flag": 1, "change_message": "[{\"added\": {}}]"}}, {"model": "admin.logentry", "pk": 65, "fields": {"action_time": "2021-11-20T20:06:46.284", "user": 1, "content_type": 21, "object_id": "2", "object_repr": "Mobile", "action_flag": 1, "change_message": "[{\"added\": {}}]"}}, {"model": "admin.logentry", "pk": 66, "fields": {"action_time": "2021-11-20T20:07:00.937", "user": 1, "content_type": 21, "object_id": "3", "object_repr": "pooshaak", "action_flag": 1, "change_message": "[{\"added\": {}}]"}}, {"model": "admin.logentry", "pk": 67, "fields": {"action_time": "2021-11-20T20:07:12.618", "user": 1, "content_type": 21, "object_id": "4", "object_repr": "lebas bache", "action_flag": 1, "change_message": "[{\"added\": {}}]"}}, {"model": "admin.logentry", "pk": 68, "fields": {"action_time": "2021-11-20T20:07:29.361", "user": 1, "content_type": 21, "object_id": "5", "object_repr": "kafsh mardoone", "action_flag": 1, "change_message": "[{\"added\": {}}]"}}, {"model": "admin.logentry", "pk": 69, "fields": {"action_time": "2021-11-20T20:08:12.146", "user": 1, "content_type": 21, "object_id": "6", "object_repr": "katooni nike", "action_flag": 1, "change_message": "[{\"added\": {}}]"}}, {"model": "admin.logentry", "pk": 70, "fields": {"action_time": "2021-11-20T20:08:27.933", "user": 1, "content_type": 21, "object_id": "7", "object_repr": "lavazem khonegi", "action_flag": 1, "change_message": "[{\"added\": {}}]"}}, {"model": "admin.logentry", "pk": 71, "fields": {"action_time": "2021-11-20T20:08:36.128", "user": 1, "content_type": 21, "object_id": "8", "object_repr": "yakhchal", "action_flag": 1, "change_message": "[{\"added\": {}}]"}}, {"model": "admin.logentry", "pk": 72, "fields": {"action_time": "2021-11-20T20:08:58.689", "user": 1, "content_type": 24, "object_id": "3", "object_repr": "apple geroon forosh ast", "action_flag": 2, "change_message": "[{\"changed\": {\"fields\": [\"Category\"]}}]"}}, {"model": "admin.logentry", "pk": 73, "fields": {"action_time": "2021-11-20T20:35:57.716", "user": 1, "content_type": 35, "object_id": "1", "object_repr": "Rezacs-apple geroon forosh ast-2021-11-20 20:35:57.706986+00:00", "action_flag": 1, "change_message": "[{\"added\": {}}]"}}, {"model": "admin.logentry", "pk": 74, "fields": {"action_time": "2021-11-21T14:39:02.019", "user": 1, "content_type": 37, "object_id": "1", "object_repr": "viruuus", "action_flag": 1, "change_message": "[{\"added\": {}}]"}}, {"model": "admin.logentry", "pk": 75, "fields": {"action_time": "2021-11-23T05:20:54.895", "user": 1, "content_type": 24, "object_id": "3", "object_repr": "apple geroon forosh ast", "action_flag": 3, "change_message": ""}}, {"model": "admin.logentry", "pk": 76, "fields": {"action_time": "2021-11-23T05:20:54.958", "user": 1, "content_type": 24, "object_id": "2", "object_repr": "taasire corona bar eqtesad", "action_flag": 3, "change_message": ""}}, {"model": "admin.logentry", "pk": 77, "fields": {"action_time": "2021-11-23T05:20:55.024", "user": 1, "content_type": 24, "object_id": "1", "object_repr": "corona", "action_flag": 3, "change_message": ""}}, {"model": "admin.logentry", "pk": 78, "fields": {"action_time": "2021-11-23T05:23:05.550", "user": 1, "content_type": 24, "object_id": "4", "object_repr": "gooshie galaxy s22", "action_flag": 1, "change_message": "[{\"added\": {}}]"}}, {"model": "admin.logentry", "pk": 79, "fields": {"action_time": "2021-11-23T05:24:08.801", "user": 1, "content_type": 24, "object_id": "4", "object_repr": "gooshie galaxy s22", "action_flag": 3, "change_message": ""}}, {"model": "admin.logentry", "pk": 80, "fields": {"action_time": "2021-11-23T05:29:50.851", "user": 1, "content_type": 24, "object_id": "1", "object_repr": "gooshie samsung galaxy s22", "action_flag": 1, "change_message": "[{\"added\": {}}]"}}, {"model": "admin.logentry", "pk": 81, "fields": {"action_time": "2021-11-23T05:54:18.130", "user": 1, "content_type": 24, "object_id": "2", "object_repr": "corona virusi vahshatnaak", "action_flag": 1, "change_message": "[{\"added\": {}}]"}}, {"model": "admin.logentry", "pk": 82, "fields": {"action_time": "2021-11-23T06:35:02.342", "user": 1, "content_type": 35, "object_id": "2", "object_repr": "Rezacs-gooshie samsung galaxy s22-2021-11-23 06:35:02.305297+00:00", "action_flag": 1, "change_message": "[{\"added\": {}}]"}}, {"model": "admin.logentry", "pk": 83, "fields": {"action_time": "2021-11-23T14:41:58.074", "user": 1, "content_type": 19, "object_id": "3", "object_repr": "Iphone 13 Pro", "action_flag": 1, "change_message": "[{\"added\": {}}]"}}, {"model": "admin.logentry", "pk": 84, "fields": {"action_time": "2021-11-23T14:42:28.912", "user": 1, "content_type": 19, "object_id": "4", "object_repr": "samsung galaxy 20", "action_flag": 1, "change_message": "[{\"added\": {}}]"}}, {"model": "admin.logentry", "pk": 85, "fields": {"action_time": "2021-11-24T19:06:36.828", "user": 1, "content_type": 24, "object_id": "3", "object_repr": "goshi haye jadid mobile", "action_flag": 1, "change_message": "[{\"added\": {}}]"}}, {"model": "admin.logentry", "pk": 86, "fields": {"action_time": "2021-11-24T19:07:50.296", "user": 1, "content_type": 35, "object_id": "3", "object_repr": "Akkk-gooshie samsung galaxy s22-2021-11-24 19:07:50.269070+00:00", "action_flag": 1, "change_message": "[{\"added\": {}}]"}}, {"model": "admin.logentry", "pk": 87, "fields": {"action_time": "2021-11-25T15:15:55.804", "user": 1, "content_type": 24, "object_id": "4", "object_repr": "poste jadid", "action_flag": 1, "change_message": "[{\"added\": {}}]"}}, {"model": "admin.logentry", "pk": 88, "fields": {"action_time": "2021-11-27T12:44:56.264", "user": 1, "content_type": 20, "object_id": "4", "object_repr": "Doctor", "action_flag": 1, "change_message": "[{\"added\": {}}]"}}, {"model": "admin.logentry", "pk": 89, "fields": {"action_time": "2021-11-27T12:45:38.823", "user": 1, "content_type": 21, "object_id": "9", "object_repr": "pezeshki", "action_flag": 1, "change_message": "[{\"added\": {}}]"}}, {"model": "admin.logentry", "pk": 90, "fields": {"action_time": "2021-11-27T12:45:50.501", "user": 1, "content_type": 24, "object_id": "5", "object_repr": "Docctttr", "action_flag": 1, "change_message": "[{\"added\": {}}]"}}, {"model": "admin.logentry", "pk": 91, "fields": {"action_time": "2021-11-27T13:32:30.859", "user": 1, "content_type": 24, "object_id": "6", "object_repr": "dandanpezeshkan", "action_flag": 1, "change_message": "[{\"added\": {}}]"}}, {"model": "admin.logentry", "pk": 92, "fields": {"action_time": "2021-11-27T13:35:28.927", "user": 1, "content_type": 24, "object_id": "6", "object_repr": "dandanpezeshkan", "action_flag": 2, "change_message": "[{\"changed\": {\"fields\": [\"Slug\"]}}]"}}, {"model": "admin.logentry", "pk": 93, "fields": {"action_time": "2021-11-27T13:35:50.470", "user": 1, "content_type": 24, "object_id": "6", "object_repr": "dandanpezeshkan", "action_flag": 2, "change_message": "[]"}}, {"model": "admin.logentry", "pk": 94, "fields": {"action_time": "2021-11-27T13:36:35.375", "user": 1, "content_type": 24, "object_id": "6", "object_repr": "dandanpezeshkan", "action_flag": 2, "change_message": "[]"}}, {"model": "admin.logentry", "pk": 95, "fields": {"action_time": "2021-11-27T13:36:39.408", "user": 1, "content_type": 24, "object_id": "6", "object_repr": "dandanpezeshkan", "action_flag": 2, "change_message": "[]"}}, {"model": "admin.logentry", "pk": 96, "fields": {"action_time": "2021-11-27T13:37:14.947", "user": 1, "content_type": 24, "object_id": "6", "object_repr": "dandanpezeshkan", "action_flag": 2, "change_message": "[]"}}, {"model": "admin.logentry", "pk": 97, "fields": {"action_time": "2021-11-27T13:37:22.246", "user": 1, "content_type": 24, "object_id": "6", "object_repr": "dandanpezeshkan", "action_flag": 2, "change_message": "[{\"changed\": {\"fields\": [\"Slug\"]}}]"}}, {"model": "admin.logentry", "pk": 98, "fields": {"action_time": "2021-11-27T17:44:15.838", "user": 1, "content_type": 20, "object_id": "8", "object_repr": "almassi_22245", "action_flag": 3, "change_message": ""}}, {"model": "admin.logentry", "pk": 99, "fields": {"action_time": "2021-11-27T17:44:15.942", "user": 1, "content_type": 20, "object_id": "7", "object_repr": "almassi_222", "action_flag": 3, "change_message": ""}}, {"model": "admin.logentry", "pk": 100, "fields": {"action_time": "2021-11-27T17:44:15.999", "user": 1, "content_type": 20, "object_id": "6", "object_repr": "almassi_2", "action_flag": 3, "change_message": ""}}, {"model": "admin.logentry", "pk": 101, "fields": {"action_time": "2021-11-27T17:49:20.213", "user": 1, "content_type": 20, "object_id": "9", "object_repr": "ssssfrgrg", "action_flag": 3, "change_message": ""}}, {"model": "admin.logentry", "pk": 102, "fields": {"action_time": "2021-11-27T17:49:40.111", "user": 1, "content_type": 20, "object_id": "10", "object_repr": "trash", "action_flag": 3, "change_message": ""}}, {"model": "admin.logentry", "pk": 103, "fields": {"action_time": "2021-11-28T06:47:54.540", "user": 1, "content_type": 24, "object_id": "1", "object_repr": "gooshie samsung galaxy s22", "action_flag": 2, "change_message": "[]"}}, {"model": "admin.logentry", "pk": 104, "fields": {"action_time": "2021-11-28T06:48:01.113", "user": 1, "content_type": 24, "object_id": "1", "object_repr": "gooshie samsung galaxy s22", "action_flag": 2, "change_message": "[]"}}, {"model": "admin.logentry", "pk": 105, "fields": {"action_time": "2021-11-28T06:49:34.315", "user": 1, "content_type": 24, "object_id": "1", "object_repr": "gooshie samsung galaxy s22", "action_flag": 2, "change_message": "[{\"changed\": {\"fields\": [\"Tag\"]}}]"}}, {"model": "admin.logentry", "pk": 106, "fields": {"action_time": "2021-11-28T08:08:10.640", "user": 1, "content_type": 15, "object_id": "4", "object_repr": "Anonymous", "action_flag": 1, "change_message": "[{\"added\": {}}]"}}, {"model": "admin.logentry", "pk": 107, "fields": {"action_time": "2021-11-28T08:21:14.250", "user": 1, "content_type": 35, "object_id": "10", "object_repr": "Anonymous-gooshie samsung galaxy s22-2021-11-28 08:21:14.249023+00:00", "action_flag": 1, "change_message": "[{\"added\": {}}]"}}, {"model": "admin.logentry", "pk": 108, "fields": {"action_time": "2021-11-28T09:19:59.979", "user": 1, "content_type": 24, "object_id": "2", "object_repr": "corona virusi vahshatnaak", "action_flag": 2, "change_message": "[]"}}, {"model": "admin.logentry", "pk": 109, "fields": {"action_time": "2021-11-28T14:03:32.141", "user": 1, "content_type": 4, "object_id": "2", "object_repr": "ali", "action_flag": 3, "change_message": ""}}, {"model": "admin.logentry", "pk": 110, "fields": {"action_time": "2021-11-28T18:37:07.423", "user": 1, "content_type": 4, "object_id": "3", "object_repr": "ali", "action_flag": 3, "change_message": ""}}, {"model": "admin.logentry", "pk": 111, "fields": {"action_time": "2021-11-29T07:04:25.899", "user": 1, "content_type": 21, "object_id": "10", "object_repr": "tataloo", "action_flag": 1, "change_message": "[{\"added\": {}}]"}}, {"model": "admin.logentry", "pk": 112, "fields": {"action_time": "2021-11-29T07:04:40.452", "user": 1, "content_type": 24, "object_id": "7", "object_repr": "tataloo", "action_flag": 1, "change_message": "[{\"added\": {}}]"}}, {"model": "admin.logentry", "pk": 113, "fields": {"action_time": "2021-11-30T16:49:56.734", "user": 1, "content_type": 12, "object_id": "1", "object_repr": "Rezacs Iphone 13 Pro", "action_flag": 1, "change_message": "[{\"added\": {}}]"}}, {"model": "admin.logentry", "pk": 114, "fields": {"action_time": "2021-11-30T16:50:30.304", "user": 1, "content_type": 12, "object_id": "2", "object_repr": "Akkk samsung galaxy 20", "action_flag": 1, "change_message": "[{\"added\": {}}]"}}, {"model": "admin.logentry", "pk": 115, "fields": {"action_time": "2021-12-02T07:24:40.002", "user": 1, "content_type": 24, "object_id": "17", "object_repr": "galaxy s999", "action_flag": 2, "change_message": "[{\"changed\": {\"fields\": [\"Writer\"]}}]"}}, {"model": "admin.logentry", "pk": 116, "fields": {"action_time": "2021-12-02T07:24:48.887", "user": 1, "content_type": 24, "object_id": "19", "object_repr": "maktab 6000", "action_flag": 2, "change_message": "[{\"changed\": {\"fields\": [\"Writer\"]}}]"}}, {"model": "admin.logentry", "pk": 117, "fields": {"action_time": "2021-12-02T17:44:49.446", "user": 1, "content_type": 34, "object_id": "1", "object_repr": "None gooshie samsung galaxy s22", "action_flag": 1, "change_message": "[{\"added\": {}}]"}}, {"model": "admin.logentry", "pk": 118, "fields": {"action_time": "2021-12-02T18:49:57.292", "user": 1, "content_type": 34, "object_id": "6", "object_repr": "None gooshie samsung galaxy s22", "action_flag": 3, "change_message": ""}}, {"model": "admin.logentry", "pk": 119, "fields": {"action_time": "2021-12-03T18:33:51.486", "user": 1, "content_type": 24, "object_id": "198", "object_repr": "rqZYWKMkINhKUDoOyUbXqquQNsvvkxTBZjVECxEPamrZBuybmCefdxuZhGfrpKhpGrgBVOKraVyOnxxEPPAulitGyPZGvEBKoMpr", "action_flag": 3, "change_message": ""}}, {"model": "admin.logentry", "pk": 120, "fields": {"action_time": "2021-12-03T18:33:51.572", "user": 1, "content_type": 24, "object_id": "197", "object_repr": "QRPEbxJXimxfXZEQEoDFqylstdJtneCDmzAjbPulSPlVuOXbgiUyvEDLTzxTuxcTGVelqnmaQoClcrbpxZDzqGCCCzHPjRcBZZsK", "action_flag": 3, "change_message": ""}}, {"model": "admin.logentry", "pk": 121, "fields": {"action_time": "2021-12-03T18:33:51.656", "user": 1, "content_type": 24, "object_id": "196", "object_repr": "WUopeHyqyGNFLNUHtuAUSyDpHkkufHyTztjptMZgKsXENHdbUAkvhHJqFwCmgGzGYUEhSaqIPAUodySyrqdJUORQYqjzZpNtUVzu", "action_flag": 3, "change_message": ""}}, {"model": "admin.logentry", "pk": 122, "fields": {"action_time": "2021-12-03T18:33:51.713", "user": 1, "content_type": 24, "object_id": "195", "object_repr": "xIVADoLYcUcjSeYIaeFigHLyuEledWIAsrNYqphfiDXgoaLYUBVYhidvJValHdAtDrUpTLQXRIFMvvAmXLHFSibKXMHjXOaAUUJb", "action_flag": 3, "change_message": ""}}, {"model": "admin.logentry", "pk": 123, "fields": {"action_time": "2021-12-03T18:33:51.769", "user": 1, "content_type": 24, "object_id": "194", "object_repr": "cNpaSoqxKlkDYXbEOABJgbCPfNpgRGghUROkUcHGVFJIjALfNJEdUiXWtzydkoGAHHHRmtqTNMRJDDTxjMyHgoojGitdXgJpupYS", "action_flag": 3, "change_message": ""}}, {"model": "admin.logentry", "pk": 124, "fields": {"action_time": "2021-12-03T18:33:51.826", "user": 1, "content_type": 24, "object_id": "193", "object_repr": "UOmVGrdTgUqUZPnmFYRgijUNSdmeQlDGvPjxYgmHnguLvqWBzatfzuNkmnsmOYHfJvrXmGcvbvxCZflQuGWzVBeeNQeeSXFfOQgX", "action_flag": 3, "change_message": ""}}, {"model": "admin.logentry", "pk": 125, "fields": {"action_time": "2021-12-03T18:33:51.881", "user": 1, "content_type": 24, "object_id": "192", "object_repr": "EcFSpSSTfBzeYSUIOvPJyHtQinzAzJPPIPdrlIimzHhmmUKUzVSOxPuKaDojXGdkGSNMOtMjVBgLuwDmRdwXTMcJkjrwassWDCTr", "action_flag": 3, "change_message": ""}}, {"model": "admin.logentry", "pk": 126, "fields": {"action_time": "2021-12-03T18:33:51.938", "user": 1, "content_type": 24, "object_id": "191", "object_repr": "JhlgHttiFThvfEHFlXGEftnmwbUFiJqFPEaIlGFgHXJoWjyBCyEpUboPSDNgSAHXsGCtcSblNpnoENAKcvNHkLrLvfjaHvrIWosK", "action_flag": 3, "change_message": ""}}, {"model": "admin.logentry", "pk": 127, "fields": {"action_time": "2021-12-03T18:33:52.023", "user": 1, "content_type": 24, "object_id": "190", "object_repr": "IUBGSUMJZatvOLMZOMEshQwfZHWAvaAXRVyWvYmryxVHusRiETxpzqHmwxrTkupRazdmPUWophMnGFFoUYlehucDpQSbHctXJosN", "action_flag": 3, "change_message": ""}}, {"model": "admin.logentry", "pk": 128, "fields": {"action_time": "2021-12-03T18:33:52.107", "user": 1, "content_type": 24, "object_id": "189", "object_repr": "iLmKaMeRyoDlLBfQvUseYMAKpemlBxziPEBfimguqFAMzCfyOQCLsvKZGMdfArIenOIezUjVnECDtwaBSzWhOMBqjWeoeIpbAPsE", "action_flag": 3, "change_message": ""}}, {"model": "admin.logentry", "pk": 129, "fields": {"action_time": "2021-12-03T18:33:52.191", "user": 1, "content_type": 24, "object_id": "188", "object_repr": "FIKurfiAXBAXSeigbYbbfDflkZWvDtQUmNjhzfwiImmycwXSxhYLVdRpnJvgmPCWZTJxMipqbmlMJrAfvsRiJpcfkgwgRIrBjtXv", "action_flag": 3, "change_message": ""}}, {"model": "admin.logentry", "pk": 130, "fields": {"action_time": "2021-12-03T18:33:52.275", "user": 1, "content_type": 24, "object_id": "187", "object_repr": "ibmyfHvxQwMOpXXmaMfXMwOcuUlJgPLeAnBuUBZtmxfMQmqzABsiFLwUQBqoJITCRKwjRrLVsCEkZtigxIoSMDVfpsZYTgcIKrRJ", "action_flag": 3, "change_message": ""}}, {"model": "admin.logentry", "pk": 131, "fields": {"action_time": "2021-12-03T18:33:52.360", "user": 1, "content_type": 24, "object_id": "186", "object_repr": "JltajfUQoRVaOeDRqQlDDVGelTfnzhEXoEkDKtaicdMDRMxUenmByjGstuGAzjbNATFQUSAGgnBGzDeDQYfKPWgNVPatXgNcOnkd", "action_flag": 3, "change_message": ""}}, {"model": "admin.logentry", "pk": 132, "fields": {"action_time": "2021-12-03T18:33:52.444", "user": 1, "content_type": 24, "object_id": "185", "object_repr": "cfFRTwqTLjheBIVEGHLfZkKvTeHEyaHFnbliaxbByPiTsADPhKJeSkHTFgdpLlHqGAgLtOVdVdzmyKuOsJgNnzYSKxLKgHkbXhSE", "action_flag": 3, "change_message": ""}}, {"model": "admin.logentry", "pk": 133, "fields": {"action_time": "2021-12-03T18:33:52.529", "user": 1, "content_type": 24, "object_id": "184", "object_repr": "puahscUIsbKcxRAzYlJCtQSLRooyAxmQflnzgFIDLsUjwttmvCLlANCuVQQVNZyuSqvAcapfNmrxTPoCaPVwWKzBoIRfvfCphICf", "action_flag": 3, "change_message": ""}}, {"model": "admin.logentry", "pk": 134, "fields": {"action_time": "2021-12-03T18:33:52.585", "user": 1, "content_type": 24, "object_id": "183", "object_repr": "islPfBiVskkMOBNAMsfrpYgKliuFcKqgKrfEPhxEcDOFPSQoeROYAOYAZjdpOAuGzBGpaTKsaamIQmqJZDoNTgnwNRprEuSLSlbG", "action_flag": 3, "change_message": ""}}, {"model": "admin.logentry", "pk": 135, "fields": {"action_time": "2021-12-03T18:33:52.641", "user": 1, "content_type": 24, "object_id": "182", "object_repr": "krXPwvLOdgWWhsFJOewDVMhasMGFiKcyEglyqHazNSMPDvzncEJQLzEYysqSnIrMKdKBLTiRovXHoyWLeZPHaHrbgveXIdTmIJZN", "action_flag": 3, "change_message": ""}}, {"model": "admin.logentry", "pk": 136, "fields": {"action_time": "2021-12-03T18:33:52.726", "user": 1, "content_type": 24, "object_id": "181", "object_repr": "dYZovNvRoEYdtuBGAJINBbVfCnOaDfdFHLqLaYnQssyzOZIYjCzZqzNPlOYwkIDjWMqIjgKcpgXUhbaHCjlcVTZIYQUeqnrUTRQs", "action_flag": 3, "change_message": ""}}, {"model": "admin.logentry", "pk": 137, "fields": {"action_time": "2021-12-03T18:33:52.810", "user": 1, "content_type": 24, "object_id": "180", "object_repr": "sbKctYKQuLgEOGdiRUmxyxpxQJGRjAXOvUsYuMlJUqsapbvuLcAapCRYbTyHqtWctXBHaPZErzpdSMKeyGPDDJFvbcnbmdmuNjnI", "action_flag": 3, "change_message": ""}}, {"model": "admin.logentry", "pk": 138, "fields": {"action_time": "2021-12-03T18:33:52.894", "user": 1, "content_type": 24, "object_id": "179", "object_repr": "SJUrlToAFlNZZxvCmeXXZEgjfUtIrFeZTmtceIUeWeSenDEioaKFvcuqxbRQSGRONbigHfGzkyBLWUsBJJVgCAkQOQlrVKCoGeIw", "action_flag": 3, "change_message": ""}}, {"model": "admin.logentry", "pk": 139, "fields": {"action_time": "2021-12-03T18:33:52.980", "user": 1, "content_type": 24, "object_id": "178", "object_repr": "NetBaKrrZFCUpXpEKytZtMWgjVQYAmEqnzkomgYfKBMjSZbSXDDBouTMPHjqisopHxLHOtzFVwzUAJAzCGxRTaoIkwWnfdijOuSr", "action_flag": 3, "change_message": ""}}, {"model": "admin.logentry", "pk": 140, "fields": {"action_time": "2021-12-03T18:33:53.045", "user": 1, "content_type": 24, "object_id": "177", "object_repr": "mpEOwEZeXGCtTjoFHjHefQpflOvfnopKuNllRhKagbXPhNvUbGSUvMHjQQfbUlMtxXpsODQCwyTGzRgGELyEGVQeqXfgQOGIkdPj", "action_flag": 3, "change_message": ""}}, {"model": "admin.logentry", "pk": 141, "fields": {"action_time": "2021-12-03T18:33:53.102", "user": 1, "content_type": 24, "object_id": "176", "object_repr": "oPHJXfTaQngSAqSqlNCwESmENjUsOvoMnzTgZqferxsMoNHhvSgDYFSMEVWHHkwyUimsHpKaZmsULPSHqvSRAVjAZhoYhIwEbSGN", "action_flag": 3, "change_message": ""}}, {"model": "admin.logentry", "pk": 142, "fields": {"action_time": "2021-12-03T18:33:53.167", "user": 1, "content_type": 24, "object_id": "175", "object_repr": "oemiFXyVrcDOdEPOOpasVuomXTNsYvlugrUhKOxDaDUcciHGSAtlIHmYBbvjsQZQfmtQCwOzAwLibGQStznprNEiiOWIJGmBxckY", "action_flag": 3, "change_message": ""}}, {"model": "admin.logentry", "pk": 143, "fields": {"action_time": "2021-12-03T18:33:53.224", "user": 1, "content_type": 24, "object_id": "174", "object_repr": "DAhEzfooOPOvGaOtccIVZBTqeTQihIIzEoIoOzRTnWbTWESRlhLonOQyxCWAjhCvpyTzaRQWwEkToORIsKyTXNFhIAyKBPSnbsIJ", "action_flag": 3, "change_message": ""}}, {"model": "admin.logentry", "pk": 144, "fields": {"action_time": "2021-12-03T18:33:53.280", "user": 1, "content_type": 24, "object_id": "173", "object_repr": "isDlqSnLtKJQJmBxSKCkrMPepuLgkCltgnkfRPPfKBmOnnWOkNthnfvaQVKBNMLrLFajEoDNyKsLHMPizNbPqsNycqVgGRGQztVj", "action_flag": 3, "change_message": ""}}, {"model": "admin.logentry", "pk": 145, "fields": {"action_time": "2021-12-03T18:33:53.351", "user": 1, "content_type": 24, "object_id": "172", "object_repr": "pjicJuQMoLfQcuGznBzfRwrTslQKQUFUOjhtOAHhCVJLpIdPqMRpEenhEUmlXglOLoVUoXDViBBfvZmBgIuqCrUXmaVkAibrMWZT", "action_flag": 3, "change_message": ""}}, {"model": "admin.logentry", "pk": 146, "fields": {"action_time": "2021-12-03T18:33:53.407", "user": 1, "content_type": 24, "object_id": "171", "object_repr": "HALJQmfJmfhnLjAqHxpGvmJgfAwNpPaVABmAwNeGLyyVPPrgNjpftNQsTViKTwkLgcdoqeHWaGWshftcGapbhqljdousIfsIsqOB", "action_flag": 3, "change_message": ""}}, {"model": "admin.logentry", "pk": 147, "fields": {"action_time": "2021-12-03T18:33:53.463", "user": 1, "content_type": 24, "object_id": "170", "object_repr": "IuhncgWWPveQYFAtTthDathLRfuIDZejsQGqdJsnFRAgjTxfmhEoJMUpRuhFZCnGhUYGCcraXwaAcmEIzTwsXMxIjFvKlPrMwOFh", "action_flag": 3, "change_message": ""}}, {"model": "admin.logentry", "pk": 148, "fields": {"action_time": "2021-12-03T18:33:53.547", "user": 1, "content_type": 24, "object_id": "169", "object_repr": "aPIhQpUEaShuEsFWMuovbzWgMtMwrlaVosQgxAXNsNSzFfsFBcvGmsbNrQnVtgHIMhmMXOLYkdAAaHhvLyFfvNVbfckmdvesMRAF", "action_flag": 3, "change_message": ""}}, {"model": "admin.logentry", "pk": 149, "fields": {"action_time": "2021-12-03T18:33:53.614", "user": 1, "content_type": 24, "object_id": "168", "object_repr": "KXjhTxnRlQBcXxklOWQaLjqdGASTKdvWobdcEAxjsQFFgsCIKKDbPhyFvAwKvAjzQAhHwLzswdpzgEnTKPQPOQirCybemxwEZXmm", "action_flag": 3, "change_message": ""}}, {"model": "admin.logentry", "pk": 150, "fields": {"action_time": "2021-12-03T18:33:53.699", "user": 1, "content_type": 24, "object_id": "167", "object_repr": "wJEQhvPhRrSVtkTtmLBvDodathqiMMTipKKBhQPPglUNnzeeHMPlBpyujZSSqoMVFcTUHhdVBnVVUfmOKGrWODUOiHPwqwICpKQR", "action_flag": 3, "change_message": ""}}, {"model": "admin.logentry", "pk": 151, "fields": {"action_time": "2021-12-03T18:33:53.783", "user": 1, "content_type": 24, "object_id": "166", "object_repr": "ZpzbxZgqHuTUydOuhcZoolrGuiQvzMqBzpGorUaxGjEatiEGbWGQPLYSXWOsemMuKwKUsbUtrrCnstWLUEPWyPtuASxEZjkHXWzc", "action_flag": 3, "change_message": ""}}, {"model": "admin.logentry", "pk": 152, "fields": {"action_time": "2021-12-03T18:33:53.861", "user": 1, "content_type": 24, "object_id": "165", "object_repr": "uwWQmhVJdxBwYcCfKpWlxwNgaseXYqKvFOcuuOGTMHUCKQTQHfHigYfHlxLbZVQEwReKmXuCXzgGOQlFiUmzyRgagbSPCqmQICBM", "action_flag": 3, "change_message": ""}}, {"model": "admin.logentry", "pk": 153, "fields": {"action_time": "2021-12-03T18:33:53.953", "user": 1, "content_type": 24, "object_id": "164", "object_repr": "MJEwVrYccAJzbzbNiPINhIhoYTXeZTpZgPHvdTQwbLIhyfTGJVlQkfkCpAuKoZxCeiDbrdGWMZJBqDiYKwnrIUkhhzZkuNRRbFRi", "action_flag": 3, "change_message": ""}}, {"model": "admin.logentry", "pk": 154, "fields": {"action_time": "2021-12-03T18:33:54.010", "user": 1, "content_type": 24, "object_id": "163", "object_repr": "BsFbNORFJTUYEyoXjiDhDXhoZXzpmoaeMFMCnmKBfxWYvJtJSNGyatEubCHYDeUTvDfMsNFPGxLubysywwdXQwQbBDLufERWKXcJ", "action_flag": 3, "change_message": ""}}, {"model": "admin.logentry", "pk": 155, "fields": {"action_time": "2021-12-03T18:33:54.104", "user": 1, "content_type": 24, "object_id": "162", "object_repr": "ASqwqrMUhTjimAoyHbphVuQIILbcByOEpKgRaYdopSOPUldbxGzIBPIhbhEIYtKHnZAwvYEZzfXievJlxtPlRzEjPpLJgiOVmWPU", "action_flag": 3, "change_message": ""}}, {"model": "admin.logentry", "pk": 156, "fields": {"action_time": "2021-12-03T18:33:54.160", "user": 1, "content_type": 24, "object_id": "161", "object_repr": "NHELlUMgBZjhYnStqMGiUsAGQzfdyOAFSGySGnvUvooIKnsMEPAVpoRppctcMeZqWScfUCszxraIjdHhmSMbioQnkXYYblLoreCf", "action_flag": 3, "change_message": ""}}, {"model": "admin.logentry", "pk": 157, "fields": {"action_time": "2021-12-03T18:33:54.217", "user": 1, "content_type": 24, "object_id": "160", "object_repr": "ynxFXSqfajDPjiqRWGKLREJAgDDcLHJUVScmglknaLsXefUVTrKKFdyrgPKgLwDFckHrYgqfUFGOHXldCedmqPUckaHlZZjgGYho", "action_flag": 3, "change_message": ""}}, {"model": "admin.logentry", "pk": 158, "fields": {"action_time": "2021-12-03T18:33:54.273", "user": 1, "content_type": 24, "object_id": "159", "object_repr": "LUByRaVHgcfRAOaQbnTjGQeUcSCkzlCLzwwbDttosrobCbqxIChkwqMAqlVhnLzkdytGSxKxNjieMRLDHrbqLfrBLgqikWuIugSz", "action_flag": 3, "change_message": ""}}, {"model": "admin.logentry", "pk": 159, "fields": {"action_time": "2021-12-03T18:33:54.330", "user": 1, "content_type": 24, "object_id": "158", "object_repr": "GMXmAtmzSIJVJmPiLxSmcihnqUNnpdhTZieWNiTZyireyLQxmYgtCCzjVMESQmwfEMBQdzKAalDlRFCsKiRMnClRToZrUAkYxiWq", "action_flag": 3, "change_message": ""}}, {"model": "admin.logentry", "pk": 160, "fields": {"action_time": "2021-12-03T18:33:54.414", "user": 1, "content_type": 24, "object_id": "157", "object_repr": "SGDMvDqdDueKpnuqjIvYONTZFKQwULrrxhMuXotltksftMUhTxWFPLdSVBNLhDpzOxRyJLuuwgwuLvrhezWBIEMmtERlNsQzpfVt", "action_flag": 3, "change_message": ""}}, {"model": "admin.logentry", "pk": 161, "fields": {"action_time": "2021-12-03T18:33:54.470", "user": 1, "content_type": 24, "object_id": "156", "object_repr": "zBgYqzdNUteQLwnOHwvbehocAYTfbdYXVNGThnfwmKTSeCKhnmNYCRslSNTharlHKTTyJlMHTNWyRYFmfqlFhTUVlsNeaBZTAPcl", "action_flag": 3, "change_message": ""}}, {"model": "admin.logentry", "pk": 162, "fields": {"action_time": "2021-12-03T18:33:54.527", "user": 1, "content_type": 24, "object_id": "155", "object_repr": "IohAzeclrMeEQYBVOqfyHMYLreyITMNEdjVHJkturHUxZDZksHDtZnMfNYalYRgkZpYmaQYhGePWPtPxlLULGLovyjMuiUsLDgFZ", "action_flag": 3, "change_message": ""}}, {"model": "admin.logentry", "pk": 163, "fields": {"action_time": "2021-12-03T18:33:54.611", "user": 1, "content_type": 24, "object_id": "154", "object_repr": "tEQfZlExhWqTNDYFXkNLzCnivWPxNjWhstrzwPOZbQbycgcGPFLtmvKzqNdAVmzEsuIpuPKDVPrOcstcxoSakxOpvurZWXjFEnCK", "action_flag": 3, "change_message": ""}}, {"model": "admin.logentry", "pk": 164, "fields": {"action_time": "2021-12-03T18:33:54.695", "user": 1, "content_type": 24, "object_id": "153", "object_repr": "GAtzwlWYBkbDUwTlhguksUIdPJicgyZCqmmzsydLfKituCSwXuEAUerpMDkRTkGANnomZbNtSBuAdIlkDJFAvspMaUIDttTVlkMC", "action_flag": 3, "change_message": ""}}, {"model": "admin.logentry", "pk": 165, "fields": {"action_time": "2021-12-03T18:33:54.780", "user": 1, "content_type": 24, "object_id": "152", "object_repr": "HYZnCYwgzWNNSWSMIeUZxejxKJtXajSMXrmqypAQxPSWueiyCeRnfbBcDXaLUEzJFFyovENOwRjCRmNhowZBrSkUQuewJcKlYhzr", "action_flag": 3, "change_message": ""}}, {"model": "admin.logentry", "pk": 166, "fields": {"action_time": "2021-12-03T18:33:54.845", "user": 1, "content_type": 24, "object_id": "151", "object_repr": "DgwQRLJtgAXDYsYxbdlBIFzSOGgSGgvQRIBzjcZyLfywGkNYqTKmxqgmWtqvgwKkKEhgqYYpplYclKIqtcNTMwOvJCPggsXlyHha", "action_flag": 3, "change_message": ""}}, {"model": "admin.logentry", "pk": 167, "fields": {"action_time": "2021-12-03T18:33:54.902", "user": 1, "content_type": 24, "object_id": "150", "object_repr": "oBsZPVlNAJWptOfjeQFyrISVyHtfbzfPjQPhBxgWdeHXwLpxhQtDSpATaBaLpJPjqnkjZBNbtHCrxifoVefrLCUMKLyioCTjmvhi", "action_flag": 3, "change_message": ""}}, {"model": "admin.logentry", "pk": 168, "fields": {"action_time": "2021-12-03T18:33:54.968", "user": 1, "content_type": 24, "object_id": "149", "object_repr": "xqkFHAvNkgocStBpuSnclmLfYvitKbCXuONMYwMilDpCnEaOBrphjBvsKzywPkBSMhbnmQEgBEeugbVpXzNxBNHZBABeJljpEQgK", "action_flag": 3, "change_message": ""}}, {"model": "admin.logentry", "pk": 169, "fields": {"action_time": "2021-12-03T18:33:55.025", "user": 1, "content_type": 24, "object_id": "148", "object_repr": "IydfKyrYrVETDiMXLkVLvsOCKwquwfFraxDIoDKSSHFHdizQursLuMLObziPQnOHeLMVMvtuhrdQfiFvAZqoakFjkjYraOyDeyRU", "action_flag": 3, "change_message": ""}}, {"model": "admin.logentry", "pk": 170, "fields": {"action_time": "2021-12-03T18:33:55.081", "user": 1, "content_type": 24, "object_id": "147", "object_repr": "mimpnvlAzHBIrLbdhaCmRvWkUaMAxwNLDYBagFHBXQFMZguyzvpSLMlHxttketrCtGsStKaNxuYlTLgANqAwplsbvFwypDYTRJBU", "action_flag": 3, "change_message": ""}}, {"model": "admin.logentry", "pk": 171, "fields": {"action_time": "2021-12-03T18:33:55.138", "user": 1, "content_type": 24, "object_id": "146", "object_repr": "xHcjtDPyiQfjUpAZWVQWYuwSOBcxYizJmEDBRnMWKXxkUBEOhjnsQSzjNabmWgzIdJSjbvuyzIOsxsiLOswvNXfsnbPNtFVROPtq", "action_flag": 3, "change_message": ""}}, {"model": "admin.logentry", "pk": 172, "fields": {"action_time": "2021-12-03T18:33:55.207", "user": 1, "content_type": 24, "object_id": "145", "object_repr": "WLzNEACRyHmisHzulAWxsZfhaQRhcExFRjHdLijYKriLGFvDljzBNsvtdQKrtLSLOaMOzDYvtRGzxgmpAojCEdqleVitIGAFWXYs", "action_flag": 3, "change_message": ""}}, {"model": "admin.logentry", "pk": 173, "fields": {"action_time": "2021-12-03T18:33:55.293", "user": 1, "content_type": 24, "object_id": "144", "object_repr": "aBKwnuZoWpWRklPtqzzFCpsswZqJlaUftQrjdJZPRDniiZyzViCXzlMNRqlIybtvTgTxvEvttSCThThiDKwuWtiwSgZngFpdcqbE", "action_flag": 3, "change_message": ""}}, {"model": "admin.logentry", "pk": 174, "fields": {"action_time": "2021-12-03T18:33:55.358", "user": 1, "content_type": 24, "object_id": "143", "object_repr": "vJrEfMcDpntiVAVnFDUVWOvErZkTqHXAReIELyHhKSVnxqvpigVyWalWvmBAePLlxUcRSWnHyIpluflBtwSPPdeRfZMebcbSlszD", "action_flag": 3, "change_message": ""}}, {"model": "admin.logentry", "pk": 175, "fields": {"action_time": "2021-12-03T18:33:55.415", "user": 1, "content_type": 24, "object_id": "142", "object_repr": "RmJsJqVnONxzkUlePosiIOWHZrEbdxOqUNglNtVngcnjqRYXkCTKiVFnziSGonNjOOZDRslStzuNVsIThcmDMwVBzNnjYJAQGEcH", "action_flag": 3, "change_message": ""}}, {"model": "admin.logentry", "pk": 176, "fields": {"action_time": "2021-12-03T18:33:55.500", "user": 1, "content_type": 24, "object_id": "141", "object_repr": "lUYhbuktzbTFcxxArYdokeuEpqZTfMeVNJoCrjOoriSGYRbKJGGKBXUgzbipqMfmqZkeDemnLDOToNfktiiKLrawKROKlqpUzcGp", "action_flag": 3, "change_message": ""}}, {"model": "admin.logentry", "pk": 177, "fields": {"action_time": "2021-12-03T18:33:55.585", "user": 1, "content_type": 24, "object_id": "140", "object_repr": "BQLeSvNXovsjfNVVixJRqSTATtnxvQJVWWmapHjFAZnLkEVZhYwqzIpcvDoAWTBLDQtiineliDVJtczYHFmwCCGnKBwCefDNbqyk", "action_flag": 3, "change_message": ""}}, {"model": "admin.logentry", "pk": 178, "fields": {"action_time": "2021-12-03T18:33:55.670", "user": 1, "content_type": 24, "object_id": "139", "object_repr": "xRKRYMRCLdDxyvVpuEMszQoyDxNAyPHVesqVnEfzTztLTjqTDDooLhBbIxpXmTpqCrswIOyBrCzhTSddydggRzrJKombuzXQogBI", "action_flag": 3, "change_message": ""}}, {"model": "admin.logentry", "pk": 179, "fields": {"action_time": "2021-12-03T18:33:55.754", "user": 1, "content_type": 24, "object_id": "138", "object_repr": "KZQgNkmgusuTXKvJpYtxgKNveoMoPOhjcnoqNbHwRSyWbSHNbRzlgWYIlMfeLbmPVuVuCVkrahKKQdnQSlacVaXVirnYLzimogRK", "action_flag": 3, "change_message": ""}}, {"model": "admin.logentry", "pk": 180, "fields": {"action_time": "2021-12-03T18:33:55.810", "user": 1, "content_type": 24, "object_id": "137", "object_repr": "jjcpmVgSrjIQHjEcIggiRcevnHHaOWpvRuDjAiaAXKQjNYnKOJPgNZFthsWNphBflkqCRYcQpqKkOizNQdcBDZpCBZoxiIgURPWp", "action_flag": 3, "change_message": ""}}, {"model": "admin.logentry", "pk": 181, "fields": {"action_time": "2021-12-03T18:33:55.867", "user": 1, "content_type": 24, "object_id": "136", "object_repr": "bVeytMXOggwaraFJKyVkPlFvKnnEjYdIIiDqCeBXxjerDhdxjOqLNuGpDZVxCmKMzczjilWbnbQcQtcxjmeqilnbcrklJEzQiNZk", "action_flag": 3, "change_message": ""}}, {"model": "admin.logentry", "pk": 182, "fields": {"action_time": "2021-12-03T18:33:55.952", "user": 1, "content_type": 24, "object_id": "135", "object_repr": "nOkrtSibroQMeXzTMcddAtPGYdInLXtDlzzxMKEuJTVicnHlXADAxNRHlfFXrsRTCKWgYxXgvtLZSsllPziKWCqczVoCDckLsBRU", "action_flag": 3, "change_message": ""}}, {"model": "admin.logentry", "pk": 183, "fields": {"action_time": "2021-12-03T18:33:56.008", "user": 1, "content_type": 24, "object_id": "134", "object_repr": "rLBMgjQRGEPAvWoUKJiYCXkgPMrIGVObiFldfNhtXfQBhFvoiKYUBBLXxlWpunuwBWxYGNTGvfKVuURMofKuJXhjfrlkeilGEZNA", "action_flag": 3, "change_message": ""}}, {"model": "admin.logentry", "pk": 184, "fields": {"action_time": "2021-12-03T18:33:56.093", "user": 1, "content_type": 24, "object_id": "133", "object_repr": "LFMxhXgCnwowkQdTFncVFHuJfnlYxCSTcnNhbEXNljtSjVOzDecVgjiZQVpxcJlhGmDGPumKeLJPvKbXZDEdVAlWqvdhGihShOLk", "action_flag": 3, "change_message": ""}}, {"model": "admin.logentry", "pk": 185, "fields": {"action_time": "2021-12-03T18:33:56.149", "user": 1, "content_type": 24, "object_id": "132", "object_repr": "imejQHffXUTTKDuDozxNwQpdbWWnjTifVjwCaCIoSAodQDMSggCVrhSDJOmucFxSrOwGWFImMZnkQYtbmBnIhYxqkiDLoxxBMetW", "action_flag": 3, "change_message": ""}}, {"model": "admin.logentry", "pk": 186, "fields": {"action_time": "2021-12-03T18:33:56.206", "user": 1, "content_type": 24, "object_id": "131", "object_repr": "cwjeWwpUgqKnAQyulWfbMMPhCEduUcvTMRsHQAuWnzNwDdMXIMcmszcFdInmYOmSWrvCxjdCITHdCTMPJNJNtEZeGXkZpUkIQiAy", "action_flag": 3, "change_message": ""}}, {"model": "admin.logentry", "pk": 187, "fields": {"action_time": "2021-12-03T18:33:56.262", "user": 1, "content_type": 24, "object_id": "130", "object_repr": "lfMMBqWtDuoENXlrocSScaOiVMNnrSJehArMCAzsULkLKnWGiBzrhURhyBTnZgVDGNYHigLaOfBYRgUFXiUMhPGsdOhMOJWsQVIJ", "action_flag": 3, "change_message": ""}}, {"model": "admin.logentry", "pk": 188, "fields": {"action_time": "2021-12-03T18:33:56.318", "user": 1, "content_type": 24, "object_id": "129", "object_repr": "QgkEXqrurGTGbUletTWIwOoLzGDBlxPpFgBFELGDxzXfZMjfoyiTlYDdPjAojAwuqqHeztJVzXeodDRqNozaHcJVLDUmHFwGytqu", "action_flag": 3, "change_message": ""}}, {"model": "admin.logentry", "pk": 189, "fields": {"action_time": "2021-12-03T18:33:56.385", "user": 1, "content_type": 24, "object_id": "128", "object_repr": "meASCQEsZyDhnLEDeWrWADsQtKAllPKrEFnKdvAtpxXBIFIHUjSImxHABQCBkEaXmRoITLYNSHmtywctkXlvSKhNlZbAfbMlYkbD", "action_flag": 3, "change_message": ""}}, {"model": "admin.logentry", "pk": 190, "fields": {"action_time": "2021-12-03T18:33:56.441", "user": 1, "content_type": 24, "object_id": "127", "object_repr": "hbwdGoliGEWtxPJLoXBZKZoPzmrPMatontbjRaWXzqZViLYRdXndiMQsrLGaiItlXFPadSejiWcmDRplxUISPdIeuniFYFkYqHEh", "action_flag": 3, "change_message": ""}}, {"model": "admin.logentry", "pk": 191, "fields": {"action_time": "2021-12-03T18:33:56.498", "user": 1, "content_type": 24, "object_id": "126", "object_repr": "tGqdGkTwTZMxQoNjtWAljvBgvtWIPVCnPYcxnsyXvISyIgoFeGFaZxCAIJvoDRoQaRLlsepQTUokotMGkvSqxlmwnJFiVMMAqnkX", "action_flag": 3, "change_message": ""}}, {"model": "admin.logentry", "pk": 192, "fields": {"action_time": "2021-12-03T18:33:56.554", "user": 1, "content_type": 24, "object_id": "125", "object_repr": "VOEROQSQwwhKbYahkBMjMxIrxRUXKzJaPgnGXnEBFhfMOrHDHzLzjegiIOtFHjZBQHIdsqmPClBlEqGnsgvIFUMxCDUmafXXbyeS", "action_flag": 3, "change_message": ""}}, {"model": "admin.logentry", "pk": 193, "fields": {"action_time": "2021-12-03T18:33:56.639", "user": 1, "content_type": 24, "object_id": "124", "object_repr": "gMrkSgiAoOyXeTLHRIsHQrGRMnARdUgOArSpMDJNIMOZyhwAeuBEyvprMchGozMvFeaODigyUcCXmzjnPVPBCdVcgFhbjZtJOTsD", "action_flag": 3, "change_message": ""}}, {"model": "admin.logentry", "pk": 194, "fields": {"action_time": "2021-12-03T18:33:56.696", "user": 1, "content_type": 24, "object_id": "123", "object_repr": "TECxBPqbRJJxGhdtrjXowDERevIfRvNMtWdSLxXIyfVmoeJXtVpDxkqfemPoGjlOMkfxsiUjGSPRxqDXZNJCstKpSKTzlyMrDwWC", "action_flag": 3, "change_message": ""}}, {"model": "admin.logentry", "pk": 195, "fields": {"action_time": "2021-12-03T18:33:56.780", "user": 1, "content_type": 24, "object_id": "122", "object_repr": "nPxrzVVcFqUJDsxlJEIIHOqgPsIpELdOevOVfKtfwsiYmBRNvqvQqgSgMwaJCsWMEUJggAhGrKSqYKeUstJNnoWbYLYIGFpkVwNC", "action_flag": 3, "change_message": ""}}, {"model": "admin.logentry", "pk": 196, "fields": {"action_time": "2021-12-03T18:33:56.866", "user": 1, "content_type": 24, "object_id": "121", "object_repr": "obOEWEDRzjidednEWudCNfTRTwQWHzkvpOTcfEUqtajNPSZpcKWkvgLEUBEcYvGijLkShDSEKYrKXsNcnZXUsuhTBdkMBSXFMErj", "action_flag": 3, "change_message": ""}}, {"model": "admin.logentry", "pk": 197, "fields": {"action_time": "2021-12-03T18:33:56.923", "user": 1, "content_type": 24, "object_id": "120", "object_repr": "EIcKkBeyNoNNKwBDgyFpgJzhEfAxDdxzgSKfgbcLPtamMTjOrhwEvOVfDXGwQwRVJapPPcYmVfOhgjIVrEllesaJXNkIxmGCnIQX", "action_flag": 3, "change_message": ""}}, {"model": "admin.logentry", "pk": 198, "fields": {"action_time": "2021-12-03T18:33:57.016", "user": 1, "content_type": 24, "object_id": "119", "object_repr": "ZsmTgZtfZraubWtjvJKbNrRPCgzugMCCbHyKsFMWjQqiHPlGITASvOzKbLaXgHHfDMoyYiWLWjfDdHseNBDQCtPJjeMGaYtMBzqP", "action_flag": 3, "change_message": ""}}, {"model": "admin.logentry", "pk": 199, "fields": {"action_time": "2021-12-03T18:33:57.114", "user": 1, "content_type": 24, "object_id": "118", "object_repr": "zOjeweHJWNJGAZGeIhUKXhbaVuNhMHHPDsalBcKBnGyNfLkKDULcXoWZCurVZrFCmSjfAPzhVBmFkgvbJCMgStFAKHqmtaJulNET", "action_flag": 3, "change_message": ""}}, {"model": "admin.logentry", "pk": 200, "fields": {"action_time": "2021-12-03T18:33:57.171", "user": 1, "content_type": 24, "object_id": "117", "object_repr": "OvNsVFhQzqPsjrSOnJWArxpAQYQdIZXNtlFtvrDyrOtSekDBCVtUSHPOpAVTPXasmfJSOUeeYCkFhmzdNttcHSWWLyIUkKPkUzNv", "action_flag": 3, "change_message": ""}}, {"model": "admin.logentry", "pk": 201, "fields": {"action_time": "2021-12-03T18:33:57.256", "user": 1, "content_type": 24, "object_id": "116", "object_repr": "ptTqPWAGkenCGwlefNnkKaNjCaGwtQBzSOcFNUrPQjbxdGjiVvEpCBuIKjTRqlEoukxrQsNuwVQuFMaLmfyRqoLBZELJUQXybPxz", "action_flag": 3, "change_message": ""}}, {"model": "admin.logentry", "pk": 202, "fields": {"action_time": "2021-12-03T18:33:57.354", "user": 1, "content_type": 24, "object_id": "115", "object_repr": "KoobWXdvNAKcHQLlAQvPaWfSMZUjTAIiyYEYVSgxYPBDEdhvEMxfEvSsXogHUtyNKNBhITmtkuNsEiuBVGgbZrynGyWvVrTHHXEk", "action_flag": 3, "change_message": ""}}, {"model": "admin.logentry", "pk": 203, "fields": {"action_time": "2021-12-03T18:33:57.411", "user": 1, "content_type": 24, "object_id": "114", "object_repr": "lYsBVBxgcpKylziySQiFuZWpVFLEZkwRSrOcjmdlSLgdUXaPcGNSZEPLYTitpKHCZMqkSHEWKfVzDNXKxdHlDiKTsSfprHcVWggd", "action_flag": 3, "change_message": ""}}, {"model": "admin.logentry", "pk": 204, "fields": {"action_time": "2021-12-03T18:33:57.496", "user": 1, "content_type": 24, "object_id": "113", "object_repr": "XflMtkNCsvXJwUtdGjNVRGkRqNaauKVaZrTLxWIjdvAfXYzdtvlvRcsAMrjfaArHHodZtquzdWKjTvQtEwhPSjxNKqiPcaaTAQpY", "action_flag": 3, "change_message": ""}}, {"model": "admin.logentry", "pk": 205, "fields": {"action_time": "2021-12-03T18:33:57.580", "user": 1, "content_type": 24, "object_id": "112", "object_repr": "FQHnBPlJFiThmHJBtQpQovofnRaNHtTSGhAgCGAZWAwOlyzYVxiRQJgkYLptXMJokoTKKdxNbAkKKxEGOpBddWNVISlukXkUSQHr", "action_flag": 3, "change_message": ""}}, {"model": "admin.logentry", "pk": 206, "fields": {"action_time": "2021-12-03T18:33:57.697", "user": 1, "content_type": 24, "object_id": "111", "object_repr": "HjMIRvLchAiTebTcGftBbTIqIFFnliawwWFIWvhwvKUZsFdiACuAcEfWjClruNgNGfWDRWjnGZMMOWbcQZDbRUFsNHOlQDfzZayp", "action_flag": 3, "change_message": ""}}, {"model": "admin.logentry", "pk": 207, "fields": {"action_time": "2021-12-03T18:33:57.762", "user": 1, "content_type": 24, "object_id": "110", "object_repr": "nVKwETjWpoQsHUVqlGhJoffuwYcFaRlrdKdcNTTiCIvNTgzQiTELqnzICkgJgfDFATGQSPQEgXgxjRzeCtChCUPGuDBhnCsYiCHO", "action_flag": 3, "change_message": ""}}, {"model": "admin.logentry", "pk": 208, "fields": {"action_time": "2021-12-03T18:33:57.828", "user": 1, "content_type": 24, "object_id": "109", "object_repr": "pkTsXnUcntwAfnWJmOpkKjKaezhpjZDTmckBIfqrYZBtbZWqzKexQseJDAMbiFyEEqtCCzEjJPsgHhpBuoEByhkQUvdinTkXcIOZ", "action_flag": 3, "change_message": ""}}, {"model": "admin.logentry", "pk": 209, "fields": {"action_time": "2021-12-03T18:33:57.885", "user": 1, "content_type": 24, "object_id": "108", "object_repr": "enaXmZsFWobVsMDwffSLsNBKEnroOzUfBbGIKEsNKpDtZOjjpIayYQoefozBomLzfGFJoPvnRmkFhRfJCFBAfNiHXWIbpgPDNTFr", "action_flag": 3, "change_message": ""}}, {"model": "admin.logentry", "pk": 210, "fields": {"action_time": "2021-12-03T18:33:57.950", "user": 1, "content_type": 24, "object_id": "107", "object_repr": "TkUsAKEKTsobcBDdtprCuKAGpvCSktjwPDhGZEechFoMdWIysIUaXzXXmAjDKkSzSlCfUvtTrRUpptRULgFnMoSyLOABOyPNYEGp", "action_flag": 3, "change_message": ""}}, {"model": "admin.logentry", "pk": 211, "fields": {"action_time": "2021-12-03T18:33:58.018", "user": 1, "content_type": 24, "object_id": "106", "object_repr": "laJjzxUCuZtVGgvSABqOzguYpeXbYSmaoCSdRIFtXFOphaMEXoGzgQjdxFZnEsabFexqaeEtSetuuPyijKEModANQUcUMyhaUnzb", "action_flag": 3, "change_message": ""}}, {"model": "admin.logentry", "pk": 212, "fields": {"action_time": "2021-12-03T18:33:58.074", "user": 1, "content_type": 24, "object_id": "105", "object_repr": "cBkuvcGTLrKMUiMZfOklaNAveYgLxcsfuKrVbuKvxzDDYrrGuwxYJzBcJyEvvCNLBRBmcbmtJRbPoNvDopjKerMHygFkqPhAzrgO", "action_flag": 3, "change_message": ""}}, {"model": "admin.logentry", "pk": 213, "fields": {"action_time": "2021-12-03T18:33:58.158", "user": 1, "content_type": 24, "object_id": "104", "object_repr": "fUOcndaUrVxXpxhSbGXxoKKjfovnYugKEgGjeaRbnEuoAjkRAhIXjdSofmGaFPpeWQlfXXOfWOenMJWRFssZAMlhjepwqKMxruDC", "action_flag": 3, "change_message": ""}}, {"model": "admin.logentry", "pk": 214, "fields": {"action_time": "2021-12-03T18:33:58.243", "user": 1, "content_type": 24, "object_id": "103", "object_repr": "gHYLXDGnSKJMTRYMAWfRlZvZnwjXfPcgbqezHneSSQGrmVViWwoMJzrKYYKLQfenGXkDsCPEXxCoQdpsXCJvvQqNXdoveDXRiqcU", "action_flag": 3, "change_message": ""}}, {"model": "admin.logentry", "pk": 215, "fields": {"action_time": "2021-12-03T18:33:58.327", "user": 1, "content_type": 24, "object_id": "102", "object_repr": "LhWxObDOnTWfWOzwLVSWbdfwyxLnhnZDBBNPjZDqIeAPMMbbknLvMxUdmITNZNGIiJGMmhLOOKgOFdQvlfwJUFZfJlQkHAeCANzN", "action_flag": 3, "change_message": ""}}, {"model": "admin.logentry", "pk": 216, "fields": {"action_time": "2021-12-03T18:33:58.413", "user": 1, "content_type": 24, "object_id": "101", "object_repr": "vfTGEyNtUwMlCNDtubnTHPaONckNwojfasMFItffiolxisnCrpNfnJPeZZJScSvlrRdSKRrmEbeLpvzorSXkbuIEGRhJzlOdiOvb", "action_flag": 3, "change_message": ""}}, {"model": "admin.logentry", "pk": 217, "fields": {"action_time": "2021-12-03T18:33:58.470", "user": 1, "content_type": 24, "object_id": "100", "object_repr": "ibdUXcGRZBbmOtUHSdddhQhpMLeFvAXoTuQNWHetdIdglsNknuFYjnwZxsfuuZdCZFywdEFldeMarIfoqZlnSmxRnPExHfDpDhAK", "action_flag": 3, "change_message": ""}}, {"model": "admin.logentry", "pk": 218, "fields": {"action_time": "2021-12-03T18:33:58.526", "user": 1, "content_type": 24, "object_id": "99", "object_repr": "bNwCOJJsdLmsGdBWYGYCqMWaxeGZikwGYiruTIBksIOTzRbClHZgIKUpTscbgAgYFWaeXEtXkWbAUxdtxcAxxKcWpblkfgrUBqDR", "action_flag": 3, "change_message": ""}}, {"model": "admin.logentry", "pk": 219, "fields": {"action_time": "2021-12-03T18:34:39.419", "user": 1, "content_type": 24, "object_id": "98", "object_repr": "ZeCUMpgWkKDVceFEIgGQbqtXrySHncwIviEMePWjlQEQuWTJkBWaeoasEpYOjaolxOyiqLwvcpkrnYveEndlNbwGOcDAKHGWCXkG", "action_flag": 3, "change_message": ""}}, {"model": "admin.logentry", "pk": 220, "fields": {"action_time": "2021-12-03T18:34:39.504", "user": 1, "content_type": 24, "object_id": "97", "object_repr": "bAjdZtzFmpKStYiHdOEEiLzsbIlGRYVLGKcZsPeSakXRMgclzRPPKLsyyjZliflEwgmhgjIYWANIQdZBHyYIDAUGRupobjQCBdZN", "action_flag": 3, "change_message": ""}}, {"model": "admin.logentry", "pk": 221, "fields": {"action_time": "2021-12-03T18:34:39.560", "user": 1, "content_type": 24, "object_id": "96", "object_repr": "aLgzjUSjzTmhXhXQjLIxIfXGWSUqFlTxFomJoFBZBOJVMUUZZJNffygCJJlRUaZdZrtdSBnZlnsbHBeITfYKmhwBOXXTTsoVhaIV", "action_flag": 3, "change_message": ""}}, {"model": "admin.logentry", "pk": 222, "fields": {"action_time": "2021-12-03T18:34:39.654", "user": 1, "content_type": 24, "object_id": "95", "object_repr": "wZHWtlEhJBKZZFwHeNGArcxkNFnaFFgXmfVPQnfzazTXgovYrARpQCwnxfrRJEkSpgMwyWOxLgISnhyYDYOdgdILyXuAyejnMaWq", "action_flag": 3, "change_message": ""}}, {"model": "admin.logentry", "pk": 223, "fields": {"action_time": "2021-12-03T18:34:39.711", "user": 1, "content_type": 24, "object_id": "94", "object_repr": "DSZRTAfHmwzqAUPMCHHtXNxXPokQfIEEpoUFmkdLvTJaTbJrlDETXOGUZXjBwHKdpDLtPOkalFbGLDyHAADiBgdjGvGkRakRtRiq", "action_flag": 3, "change_message": ""}}, {"model": "admin.logentry", "pk": 224, "fields": {"action_time": "2021-12-03T18:34:39.796", "user": 1, "content_type": 24, "object_id": "93", "object_repr": "PcDeCRjrxCOBjKNyyxDLYvhEhviPYSfcLCxQxFvLJRHqjTJCrKIGSrLbpSxGJbKMcQcNVKaVAETaIqRsNEYCDpoqVIoaBjKEClnr", "action_flag": 3, "change_message": ""}}, {"model": "admin.logentry", "pk": 225, "fields": {"action_time": "2021-12-03T18:34:39.895", "user": 1, "content_type": 24, "object_id": "92", "object_repr": "CaqomnRNnwreJwvosQdxpOyApnctxjhzPFXGIrbpSLhlBdCPLidirAZLyzfyYUaHikgRIOmeiQDnOGCvnLklEmTLLuAtZrhcnrPr", "action_flag": 3, "change_message": ""}}, {"model": "admin.logentry", "pk": 226, "fields": {"action_time": "2021-12-03T18:34:39.971", "user": 1, "content_type": 24, "object_id": "91", "object_repr": "JanOnIxrtfRKSFaWgVsvboVFKebhhOCjCBFlqNvmUamDBtmTVMLVzObhchXStXvQNZtNVfIEULDjpLJcBLJeltvYfuAMewYKqhgU", "action_flag": 3, "change_message": ""}}, {"model": "admin.logentry", "pk": 227, "fields": {"action_time": "2021-12-03T18:34:40.027", "user": 1, "content_type": 24, "object_id": "90", "object_repr": "zEaOxLxqzovQYzzxCGbRfBgxDgEcPVUmFYoqRCxshrckkFWnRCeYwckhXweKUMmTLihXHomMshZkXfocITKfpadDSNLaydklOrxM", "action_flag": 3, "change_message": ""}}, {"model": "admin.logentry", "pk": 228, "fields": {"action_time": "2021-12-03T18:34:40.084", "user": 1, "content_type": 24, "object_id": "89", "object_repr": "xkKvchVRoBtlBjfgUqLXSPiNupLmRylaJwRKuxHwgHWddbUYVYWdscPmdgvmmQVMPnKfpfrNXoalqjGUizJlUuatsYKuVwjDezHW", "action_flag": 3, "change_message": ""}}, {"model": "admin.logentry", "pk": 229, "fields": {"action_time": "2021-12-03T18:34:40.140", "user": 1, "content_type": 24, "object_id": "88", "object_repr": "fnvzzOrUGRKXrxVgflkKvOooHhuxaggWpTkRRBXlvtIrHQhiEUkvCawcDpsNEnExkjalPtdZDmxznlicJJfaZQRKoddHQdtIYVdV", "action_flag": 3, "change_message": ""}}, {"model": "admin.logentry", "pk": 230, "fields": {"action_time": "2021-12-03T18:34:40.226", "user": 1, "content_type": 24, "object_id": "87", "object_repr": "JhXYepWllUkqLZyLFVtDkvmCdtASOgZOOyetpUHlLMNlFLmLbngSXzSjOKxoOOgxePXIUsdCNLFMIrsRuNuCYOiplfIqYvvTKYzE", "action_flag": 3, "change_message": ""}}, {"model": "admin.logentry", "pk": 231, "fields": {"action_time": "2021-12-03T18:34:40.283", "user": 1, "content_type": 24, "object_id": "86", "object_repr": "ipjFfoanxuLqQrNUdMIUHiKpxlAzfEXReSvDVolQwigCFBRCYXtxicrToRScZJcazElFBUOBLCuZeFprceTzjehrAHeFgyfuwgID", "action_flag": 3, "change_message": ""}}, {"model": "admin.logentry", "pk": 232, "fields": {"action_time": "2021-12-03T18:34:40.376", "user": 1, "content_type": 24, "object_id": "85", "object_repr": "bOpSXcVjvvffPPsPtiWRLdzRwsLwcWXbWfXSdPEtRbQfMdYredIsMRbxyXkGeixkQnDrYrbMIiMRgfLCJTGFWUUcBUuPnXlCREre", "action_flag": 3, "change_message": ""}}, {"model": "admin.logentry", "pk": 233, "fields": {"action_time": "2021-12-03T18:34:40.443", "user": 1, "content_type": 24, "object_id": "84", "object_repr": "cDyhvvJcUwHyNzgOLbXrchMqGznMhRjuHnEswlUVpZmkcduoaanjtNcTMUmEaVxHhyFpDrsSmarRRKBQylPwFwLSccJCPZkyLjlY", "action_flag": 3, "change_message": ""}}, {"model": "admin.logentry", "pk": 234, "fields": {"action_time": "2021-12-03T18:34:40.538", "user": 1, "content_type": 24, "object_id": "83", "object_repr": "ZVkzzjuvxqwMpBTFWlYBknDleKDYFXosDQZkmDNepidAuSDKWGZdAnNqxYgXRwAbjnPtTrQKdiHeqlxYxXCVdBEjlPDvNychXfYU", "action_flag": 3, "change_message": ""}}, {"model": "admin.logentry", "pk": 235, "fields": {"action_time": "2021-12-03T18:34:40.622", "user": 1, "content_type": 24, "object_id": "82", "object_repr": "lXAZGrSplosbsXNHknohCPKVTTJeHrMEHLnqQfoGDzMfgjkEnaybvXBcjjJzteStllrVOZfAVCpdaIjATNPnwkIZpVBQRsAuplrZ", "action_flag": 3, "change_message": ""}}, {"model": "admin.logentry", "pk": 236, "fields": {"action_time": "2021-12-03T18:34:40.707", "user": 1, "content_type": 24, "object_id": "81", "object_repr": "ilKoWpKBQEmeoVBaBWnYyeqokgNQFXUQIXKnGpYXhBzgitOReUjauCIkKvmQgYcLUcftwqijBQRokXdIxncHqvxMIanNHgUXLtoo", "action_flag": 3, "change_message": ""}}, {"model": "admin.logentry", "pk": 237, "fields": {"action_time": "2021-12-03T18:34:40.791", "user": 1, "content_type": 24, "object_id": "80", "object_repr": "wyfPEkeOvTTqqFcYNDOCyuJdSfuGfxRvXXobicESnzdWkvWscxQPyfOUdEeOpqhWOMKhNCbpeiVdXzhMQNEiTIxdwTCrJToiSkbE", "action_flag": 3, "change_message": ""}}, {"model": "admin.logentry", "pk": 238, "fields": {"action_time": "2021-12-03T18:34:40.876", "user": 1, "content_type": 24, "object_id": "79", "object_repr": "CNinTTFyIsmGnQSPCCwlTTkdYUtVuQSXFNmRkmLXurYVYQvBWoDBqGPKabOqJhrONyBIqPEsCFOOmIrrwhKIMsHtPaZdxAUGCzgJ", "action_flag": 3, "change_message": ""}}, {"model": "admin.logentry", "pk": 239, "fields": {"action_time": "2021-12-03T18:34:40.961", "user": 1, "content_type": 24, "object_id": "78", "object_repr": "iClhlCpNulwPYZpPUkKBffhNPNjOnxoehUKCUqTqgjxkOEwcqOMUIQfmOVXfuplElQpZzsMXgeXgPvlytzELBJgZRBEltpbIRQGU", "action_flag": 3, "change_message": ""}}, {"model": "admin.logentry", "pk": 240, "fields": {"action_time": "2021-12-03T18:34:41.017", "user": 1, "content_type": 24, "object_id": "77", "object_repr": "bucGMqdlCZCOHrPbndMCNEiqutfIEkthvYLTdNUEFrWflvesxgVnBUJLwQXFGeZvGyumInwNGHkRkXyqMZytRMAvOEfQtjTpgiOx", "action_flag": 3, "change_message": ""}}, {"model": "admin.logentry", "pk": 241, "fields": {"action_time": "2021-12-03T18:34:41.075", "user": 1, "content_type": 24, "object_id": "76", "object_repr": "COMwHrEkMBzFubjnhIPHPbgDmQeLviXxwmqcsuEOAcMmhAufGnDOHNrVVczFWnTgkyIawKJiOBSlAufDmsiSZbAxgGIPdvYHIijM", "action_flag": 3, "change_message": ""}}, {"model": "admin.logentry", "pk": 242, "fields": {"action_time": "2021-12-03T18:34:41.169", "user": 1, "content_type": 24, "object_id": "75", "object_repr": "bmdjxhUwEzCBaldlvpdkqDShkBfldIcrGtrJifprylmJmFegcQuUbDyEPcrMSTAzGdKlLmDWJxmdRvVbNsLVlkpXvtmLNyjXAKHK", "action_flag": 3, "change_message": ""}}, {"model": "admin.logentry", "pk": 243, "fields": {"action_time": "2021-12-03T18:34:41.225", "user": 1, "content_type": 24, "object_id": "74", "object_repr": "IxiPgrOnpjTLaozYQFtddbrSyKNiNWzbOHikgQLJxfVJpytgczzJQLHrADRCKFxRInYjOftmOTVoEWUFfEsWFrIOlFWtnMtnfNAt", "action_flag": 3, "change_message": ""}}, {"model": "admin.logentry", "pk": 244, "fields": {"action_time": "2021-12-03T18:34:41.311", "user": 1, "content_type": 24, "object_id": "73", "object_repr": "UaNfUNeemOzHrsbaoxmbxLLHtoFvXmqOrXvhKNOPATRRQbMfxntSUpkUZtWjuGVqezgowlrBNnxVZqaCHnUbjbzlQUdtdZqhBxnI", "action_flag": 3, "change_message": ""}}, {"model": "admin.logentry", "pk": 245, "fields": {"action_time": "2021-12-03T18:34:41.404", "user": 1, "content_type": 24, "object_id": "72", "object_repr": "aRzAFLpLBQlkhvgJpdbklrVbIwTceOpwuUOMWnoZhlpvaNSfkAylvpAEQAsQUwJVluxxfoRyeboExoqpmmELqzFGEQIJSZgbwyin", "action_flag": 3, "change_message": ""}}, {"model": "admin.logentry", "pk": 246, "fields": {"action_time": "2021-12-03T18:34:41.489", "user": 1, "content_type": 24, "object_id": "71", "object_repr": "jYnlzMBVilGrZElnQHHnSViwivmqwPHtRpanfTsZwRAoAzymlhCoMtgliyZQLMJchOLVOBfaXLAYgmzHdAAQjcATHXMTrkeIcuYx", "action_flag": 3, "change_message": ""}}, {"model": "admin.logentry", "pk": 247, "fields": {"action_time": "2021-12-03T18:34:41.555", "user": 1, "content_type": 24, "object_id": "70", "object_repr": "qoaxKOFTPUqHHwhRqVyZNBDAwSDWGoDyMDYrWOojsFFTXPNdZTVTVCWpgMcifecHGMtLADMqfPkJSbUdRcFcSeAyChOiYservRJW", "action_flag": 3, "change_message": ""}}, {"model": "admin.logentry", "pk": 248, "fields": {"action_time": "2021-12-03T18:34:41.640", "user": 1, "content_type": 24, "object_id": "69", "object_repr": "OLaahchsDAocJPsYZxlVUCgUYrPRaBKHpvzNMXdgwMTyrLCKdUiBUcBnEwPpqnsyUFwUwwplYDYUIZpXYHPTwtoCSXTuhUZrHUDZ", "action_flag": 3, "change_message": ""}}, {"model": "admin.logentry", "pk": 249, "fields": {"action_time": "2021-12-03T18:34:41.724", "user": 1, "content_type": 24, "object_id": "68", "object_repr": "EttRwzZOtjeNedddNIciqZBZgmNlyXnPLmGCYpPoaImMPoIaWUwQwtafkOqRfGpNtbXehwpNzGglKCEqEMpkQKJoxzsqHIYKWYRu", "action_flag": 3, "change_message": ""}}, {"model": "admin.logentry", "pk": 250, "fields": {"action_time": "2021-12-03T18:34:41.781", "user": 1, "content_type": 24, "object_id": "67", "object_repr": "TCxKdOgXqXbuuyhqWPFinPnlYrwOidSOtBUFWSUaRvwqDkmqdWExZDropCoXsfYWrWNNTikEunEydehgIiErHyMGRXEIrFiyYZnU", "action_flag": 3, "change_message": ""}}, {"model": "admin.logentry", "pk": 251, "fields": {"action_time": "2021-12-03T18:34:41.876", "user": 1, "content_type": 24, "object_id": "66", "object_repr": "bKerfViyrrPETZcyRTSlBIcfihdFcNvlnCMsEtvCNbhirIlRgMDCEVBXElXHPxtXzBRdULItvRuzxREAGZduYSztuDrJdmBHMlQA", "action_flag": 3, "change_message": ""}}, {"model": "admin.logentry", "pk": 252, "fields": {"action_time": "2021-12-03T18:34:41.932", "user": 1, "content_type": 24, "object_id": "65", "object_repr": "TyivbcBzgOuKXQPEgAhNZeIxoZaSfbSPVaTpKDzchznffPlXsxBjatjkMKxDLnidPzLNSHaZPZbnRakqBmHXonjtruPHkQWQymdv", "action_flag": 3, "change_message": ""}}, {"model": "admin.logentry", "pk": 253, "fields": {"action_time": "2021-12-03T18:34:42.017", "user": 1, "content_type": 24, "object_id": "64", "object_repr": "tePooKmiRmOfLlzhhAzzkwLnjDvDYMxvisAPhizNzlMOjSfXyHZSxLTChlCidiaxhNvkmXHOuipqsHFsmCRJJNuCUUFiVACvKhFe", "action_flag": 3, "change_message": ""}}, {"model": "admin.logentry", "pk": 254, "fields": {"action_time": "2021-12-03T18:34:42.083", "user": 1, "content_type": 24, "object_id": "63", "object_repr": "BhCjMMXvMBPzywARQujCoWBMLDzAHIYwrYLRKIYpCsdvohngMOANsurQGUKtHWJynOleCEYLTEhyOjXYWHZrwqLEGHgOWANwMadu", "action_flag": 3, "change_message": ""}}, {"model": "admin.logentry", "pk": 255, "fields": {"action_time": "2021-12-03T18:34:42.168", "user": 1, "content_type": 24, "object_id": "62", "object_repr": "kNAHnRWYkkzmBAmcEVEFzqxCVrOfHoyTpxJUfevZGVGWFWPlhsPUlOjXaUpgYdoboBnVPclDVVbfkwHLUgtGUBmSxSIebAAJqxDy", "action_flag": 3, "change_message": ""}}, {"model": "admin.logentry", "pk": 256, "fields": {"action_time": "2021-12-03T18:34:42.252", "user": 1, "content_type": 24, "object_id": "61", "object_repr": "gXKZEkaZKIQGcAAuSykOoMOkIEOkOqDWlrftKIqZttKcEjPUeOKhiWkEtvpbraNCGJuUaAwoAZCsySAvXSdGAcIVoWKcrxzBYxJx", "action_flag": 3, "change_message": ""}}, {"model": "admin.logentry", "pk": 257, "fields": {"action_time": "2021-12-03T18:34:42.309", "user": 1, "content_type": 24, "object_id": "60", "object_repr": "RRUhmRUxGzPUPKCTeQcDsMLzmefdHBFbeyIycYZkdSaKZJKVwNROrKjdHjkceZNCbiVngprhHKfUaNHzIqhpahIcLoPZYcQvIAvM", "action_flag": 3, "change_message": ""}}, {"model": "admin.logentry", "pk": 258, "fields": {"action_time": "2021-12-03T18:34:42.404", "user": 1, "content_type": 24, "object_id": "59", "object_repr": "lefNbzbKXcVpmPQPDSaKOGDuSTqvPxzPyXhWbNFbVKxPbjqKdTibtTSkLJMxOKoHIxGsmtjYrXVRTVqMNfOZEfIqZduZTfYmBquf", "action_flag": 3, "change_message": ""}}, {"model": "admin.logentry", "pk": 259, "fields": {"action_time": "2021-12-03T18:34:42.460", "user": 1, "content_type": 24, "object_id": "58", "object_repr": "flEkUiuujVklmqoxfZqlzZTucKnjIBpsfEpDkpPLqsUCMYImcOtlsQjZrEqkoIdaLirrXlPaNIMiKIROyjpdfdIFqXuCPhuBtVaY", "action_flag": 3, "change_message": ""}}, {"model": "admin.logentry", "pk": 260, "fields": {"action_time": "2021-12-03T18:34:42.545", "user": 1, "content_type": 24, "object_id": "57", "object_repr": "JkDwdBlrrKInOcaamdjIobuFoXrnjopQpTgloAcLGDAGbIbryGMpdvZUnMvBRyZDNCBZftBeXWLzmSOQwJqzjhuPtQZTVstOoUhw", "action_flag": 3, "change_message": ""}}, {"model": "admin.logentry", "pk": 261, "fields": {"action_time": "2021-12-03T18:34:42.630", "user": 1, "content_type": 24, "object_id": "56", "object_repr": "YfBtlQJtKuOhCNDaITGtGMXfIsMNOdxvljyXVhsZWHOgkyNspHRzXDceWQMufwrucCAGamNfxDppbDOGHaWwQRrFfOcPydGUlYyO", "action_flag": 3, "change_message": ""}}, {"model": "admin.logentry", "pk": 262, "fields": {"action_time": "2021-12-03T18:34:42.686", "user": 1, "content_type": 24, "object_id": "55", "object_repr": "IqKxTcBVuzzyRQfvnSfEbWgiDiDkjTuDnQYzyHZtdZMDYdBvavpdcBrIjBbuRroozTZGihsCOdQHfqoCuHoPFNAAsmRtrGJXLlwR", "action_flag": 3, "change_message": ""}}, {"model": "admin.logentry", "pk": 263, "fields": {"action_time": "2021-12-03T18:34:42.743", "user": 1, "content_type": 24, "object_id": "54", "object_repr": "bGnhRQaWhwyeQiKexynqnvLJMKiuozUiKTmcvfSZyPAUlLCtWKlMaZNTExLsRgRmqbQIhNtmCFlyXgxRGSUTnbJbZadpOrLwuJKo", "action_flag": 3, "change_message": ""}}, {"model": "admin.logentry", "pk": 264, "fields": {"action_time": "2021-12-03T18:34:42.799", "user": 1, "content_type": 24, "object_id": "53", "object_repr": "LltBRmjPqeQuQbuvffqfUJHnAbnSikxVGFOxftjUqfwgrEwauHCnUfwzAiSugEsLAoQwNznfuuIWezWxaecSABQCLJWiZkVeAgYm", "action_flag": 3, "change_message": ""}}, {"model": "admin.logentry", "pk": 265, "fields": {"action_time": "2021-12-03T18:34:42.883", "user": 1, "content_type": 24, "object_id": "52", "object_repr": "oOgKEYcAwnmyarSvltQReyuEUFSLtLYrPCVbYkUnscrFAaejLflFXDTHyTIutArUXChrGJKNdKugFKxllCQUwQlejMjxdCHIFpGC", "action_flag": 3, "change_message": ""}}, {"model": "admin.logentry", "pk": 266, "fields": {"action_time": "2021-12-03T18:34:42.967", "user": 1, "content_type": 24, "object_id": "51", "object_repr": "PQNMiJoJWfghfFKXGLHItYXerCVSlzRMwUAKGfxuSSMLkCzHjufPcNnRXVYqMpxqcpHlazPObhTFvQSlhVCZKjzfuTJpSawZxlIu", "action_flag": 3, "change_message": ""}}, {"model": "admin.logentry", "pk": 267, "fields": {"action_time": "2021-12-03T18:34:43.054", "user": 1, "content_type": 24, "object_id": "50", "object_repr": "AIImduNzHayQMgxDlpPjNqIKZfIMHXyrWwNOcrYRzgOYRgqjbcOjQeThHkylAOmiSaxGvsXpRQnbQLZCliEbMvSySVlogFUBCIak", "action_flag": 3, "change_message": ""}}, {"model": "admin.logentry", "pk": 268, "fields": {"action_time": "2021-12-03T18:34:43.112", "user": 1, "content_type": 24, "object_id": "49", "object_repr": "ePYQOaEGzUNThKqsgCKCfTVYwRkVFkCSlAWEDvxBwPOhhkEWsSXfLpjlWxHyvhYBKdyHZdvVeuOUHekSSzHoMLbusBgZRhluOFdf", "action_flag": 3, "change_message": ""}}, {"model": "admin.logentry", "pk": 269, "fields": {"action_time": "2021-12-03T18:34:43.171", "user": 1, "content_type": 24, "object_id": "48", "object_repr": "zMsRSYdAxYTyCEnRGMCduMQbXHYZMnJYugqReAURtlloZaToWxIweNliNWWdEFSwfadnlxWDaROPEPTDgbJczutfonkmWPQgvEmU", "action_flag": 3, "change_message": ""}}, {"model": "admin.logentry", "pk": 270, "fields": {"action_time": "2021-12-03T18:34:43.230", "user": 1, "content_type": 24, "object_id": "47", "object_repr": "CIwMQDMrPtMQhBazRzVyanUDWXjCIsRnkunewWPxFkypWWcaSAWiTVMiWZKdZImJNvyjhthAPuWQltgVnuRuPDhiTRfOIvEgxBGS", "action_flag": 3, "change_message": ""}}, {"model": "admin.logentry", "pk": 271, "fields": {"action_time": "2021-12-03T18:34:43.288", "user": 1, "content_type": 24, "object_id": "46", "object_repr": "BvibPVyVgLVdfuCLrPbByZoXvcLupzrxBpKkihntFOXWCkkUbpYcRULvuBcYCMfeMcindslgUSCEQOnOHApwmxXSzuOWbeZGgDdv", "action_flag": 3, "change_message": ""}}, {"model": "admin.logentry", "pk": 272, "fields": {"action_time": "2021-12-03T18:34:43.346", "user": 1, "content_type": 24, "object_id": "45", "object_repr": "eBsfbJmqGzOxqLfSelMYUTbhMFUnHQhtaiVrDVCwbDmISMytXIgeawyLTGSQzcspzfEarkKYHpHYTJsdLiAeriaeqOeyXYgTCDLE", "action_flag": 3, "change_message": ""}}, {"model": "admin.logentry", "pk": 273, "fields": {"action_time": "2021-12-03T18:34:43.405", "user": 1, "content_type": 24, "object_id": "44", "object_repr": "HwvXDHpqXLngoZRJjRsCOYHGBEhDUSkYlAuogmXqGMtZDmzzrDvoheMUlwivzuLhvuIQuuOpFOqUPQSDRTKrFUnJXCutofeQBcHg", "action_flag": 3, "change_message": ""}}, {"model": "admin.logentry", "pk": 274, "fields": {"action_time": "2021-12-03T18:34:43.507", "user": 1, "content_type": 24, "object_id": "43", "object_repr": "amnLtlYYoXKlhUJGgRFGQtUrNpyvBwrBHOYuJvGGUmOINDzVkIYxeutmgCVAjRYNMcCZUcFVQmOBTRBBSzVxXJAatyMeEZiQCRVv", "action_flag": 3, "change_message": ""}}, {"model": "admin.logentry", "pk": 275, "fields": {"action_time": "2021-12-03T18:34:43.635", "user": 1, "content_type": 24, "object_id": "42", "object_repr": "LXVXemUmsRjBDxEssSbxROptNYOQcwqNUyOHdmNuSbQtFfvgZVCxhgLiuVEaxpXWgVmNFfMNLTKjHvcHjaeXbNYMcQwpLeybLVPe", "action_flag": 3, "change_message": ""}}, {"model": "admin.logentry", "pk": 276, "fields": {"action_time": "2021-12-03T18:34:43.736", "user": 1, "content_type": 24, "object_id": "41", "object_repr": "RCdYFmoCaERCjRXxNtklOaXAqBqqgLTUwENkkrNOfyFPPIPcUbljQntpHAONwIeBNuVboPnQkXtwUSWVFIqRXrFfzwkfvdkCoDLn", "action_flag": 3, "change_message": ""}}, {"model": "admin.logentry", "pk": 277, "fields": {"action_time": "2021-12-03T18:34:43.824", "user": 1, "content_type": 24, "object_id": "40", "object_repr": "rtogfUsvuUgTDEyVxqeEoLrwWRuRtaRhwIkesODVBVQXPIdQSgqkUnSbgxhTYTlJWfCtCGhjRboMxNIXvCFtnMJtbmqEdbwLgvYp", "action_flag": 3, "change_message": ""}}, {"model": "admin.logentry", "pk": 278, "fields": {"action_time": "2021-12-03T18:34:43.882", "user": 1, "content_type": 24, "object_id": "39", "object_repr": "wsUPFRKXHLQBHFyBCqRGtuIjdYszmRacEzZmqZvYIHPzPhHDOrzQHhPiKFKhxGepbfvtmlIxexMYnsXIbbhxVhRfzhfLyaAgrfyn", "action_flag": 3, "change_message": ""}}, {"model": "admin.logentry", "pk": 279, "fields": {"action_time": "2021-12-03T19:06:06.853", "user": 1, "content_type": 4, "object_id": "10", "object_repr": "FbyLmbEKzIsfXMIbIGrRBtEzioHHMrmevWsQWJQmAgoSRymvQYvPXOLJCofAcLsMwoaAbBnvdSuGXuCtwhLEDDjeTVLCXuPrdfrZxPIMloCKeOkMZoNJexFSwyFBmLzYyWToqWxYtNFrCZbkWQIepB", "action_flag": 3, "change_message": ""}}, {"model": "admin.logentry", "pk": 280, "fields": {"action_time": "2021-12-03T19:06:06.955", "user": 1, "content_type": 4, "object_id": "19", "object_repr": "GDaKEHFTcqfLYAaXhtEeztcONmAynYrlosXLKUlgbQfEShDnVgJGpnXovwdtyqTtjNOZHJCLmEIwPWoLSvlVXYwnIhYyoTXBgYNUuFzqZxhVehUNJkpmaRcQoYoiKJIBZEFQJTjAhkOPCCMUMQeisD", "action_flag": 3, "change_message": ""}}, {"model": "admin.logentry", "pk": 281, "fields": {"action_time": "2021-12-03T19:06:07.009", "user": 1, "content_type": 4, "object_id": "9", "object_repr": "GucWOmtQfJSyRUbMXxJQoLRAQpQbuHfOyNZhHqefPMcVfMuvKUtkTejcorrxcWMSEAqllniBFWHjVPScuVXGsZwwEONBbGcwfPFpsIlBRQdrtZqoZhIZNgtvhjqKAGdnSVWToHvGYRsJlKYTpROYrs", "action_flag": 3, "change_message": ""}}, {"model": "admin.logentry", "pk": 282, "fields": {"action_time": "2021-12-03T19:06:07.066", "user": 1, "content_type": 4, "object_id": "16", "object_repr": "NRTttGNgTdmhvxpmjLNmRSuRbAYGcwneSxydIPpDEYnsHwZzuYYmUDwTmdtqSDLVKXQfItDFKZPnijXPKPRsrLjUUGcifVMijQuilhttaetOEgfZKpJlxiCqsftXchzHTzDZbobQinMCFkNQONJYng", "action_flag": 3, "change_message": ""}}, {"model": "admin.logentry", "pk": 283, "fields": {"action_time": "2021-12-03T19:06:07.122", "user": 1, "content_type": 4, "object_id": "20", "object_repr": "OYHivncXwTQVzLIckdoOxctwomkHWcpdEJpjTJspuFjfgcPWYSKYSbVhVKjVrMnodpGuXDibtneGBEhXHHKmXNOhkCZdDjVZHPOoQulwsXnXIgqdDnmInkcrFYDJoiroQupgaKkRXTncDyUoNsASzI", "action_flag": 3, "change_message": ""}}, {"model": "admin.logentry", "pk": 284, "fields": {"action_time": "2021-12-03T19:06:07.178", "user": 1, "content_type": 4, "object_id": "13", "object_repr": "OjiCUFdjRjifVbXwvYHHOniwMhLguFnXbSbmjzycIAsTIIKnQIRXkyVjbNYULJSdApVjtnAyvuKQKkCqTsnncQyPeLUwrwhHhCWzpxfrMSxqfEvsoTBBHwzTmkgDEIoeEWUNsycEnJRbaMWzikqvXm", "action_flag": 3, "change_message": ""}}, {"model": "admin.logentry", "pk": 285, "fields": {"action_time": "2021-12-03T19:06:07.235", "user": 1, "content_type": 4, "object_id": "8", "object_repr": "UAsbmlIoZhWraXkTidxytQUBFWIlMaafWzRyADoSjMkLscrFqERDOoGJFGsvZsEliBFCzruGKAHXolatKWNlROTviqXZnBAuvHCirPKFFNuDWtevgCIYaerBHNfkNvwhoYhDpIbFTGLsFMoNKIixTW", "action_flag": 3, "change_message": ""}}, {"model": "admin.logentry", "pk": 286, "fields": {"action_time": "2021-12-03T19:06:07.319", "user": 1, "content_type": 4, "object_id": "15", "object_repr": "UqvxYubdDmduCzZIlDYorfQZDNTnaVWHTXTdWWTUqFNIAvEOlZjurISpslLYOPUPnUyDiwKuBQuIaqVeXpEIQaRunrlaTyuWFILpssatJUOEzPtUXnVnEhEdWwBkPVvDPFQNDnVJvxOoRWzBrLNNbc", "action_flag": 3, "change_message": ""}}, {"model": "admin.logentry", "pk": 287, "fields": {"action_time": "2021-12-03T19:06:07.375", "user": 1, "content_type": 4, "object_id": "18", "object_repr": "YGkOobZuomVjcLwhcURMEqrbKgqooQCEWMLnoLgXahcaFllweFmGiVsnIKjmjnWQEIEHIVyRGrxAzQqukfYXarbfauJNzUWIIymYjtFjneFaTeXovFTNbukiJHLXorfYTFlymMoGUctwJJxSZMBEyl", "action_flag": 3, "change_message": ""}}, {"model": "admin.logentry", "pk": 288, "fields": {"action_time": "2021-12-03T19:06:07.431", "user": 1, "content_type": 4, "object_id": "11", "object_repr": "fudycVZBKHaPjIXGqIuvnmyFyXxWnvoeGIPEuKNBKzFVsvrySgPbodIuKtoaOTVwEVClKWfJEpfgWoTIvTJsoOduJLwJHxQDMYuDoulurRMcMGUQcLUjBudWDzLIzwRFVCXIxTQkrQQfNVEXEHPWtQ", "action_flag": 3, "change_message": ""}}, {"model": "admin.logentry", "pk": 289, "fields": {"action_time": "2021-12-03T19:06:07.516", "user": 1, "content_type": 4, "object_id": "21", "object_repr": "jbOSgvzfsYjcVghPOlUgwImKWzoPNkYwKYaVqrczJNCEiCxhKbLCUkUHXiUCSINXNJIYrrCjumlepUcsSFiHNKzjlIzdhJlvFySJklLoQAKUQKXsZzPCCPzkfLkepzShSTOcMQfRRtbzYwjMaQDkGz", "action_flag": 3, "change_message": ""}}, {"model": "admin.logentry", "pk": 290, "fields": {"action_time": "2021-12-03T19:06:07.600", "user": 1, "content_type": 4, "object_id": "17", "object_repr": "kmNENrWsjSeXNDuVSGObjMYtBVQvRBAsMIbbnVazCfIwBvKtpUxrVWHasABaZVSUpGnqVkmamjEshaXWrtzCNZDWNFgLydevpTjTdXuoGtHZxUzKwIUPFsenWzQOVhOICFgjmVnSzWTvvzQHBPMKwp", "action_flag": 3, "change_message": ""}}, {"model": "admin.logentry", "pk": 291, "fields": {"action_time": "2021-12-03T19:06:07.657", "user": 1, "content_type": 4, "object_id": "14", "object_repr": "lItwGNSTzXBaWufyxNUTGhUkDAPaGfbkdYxajXZsCmVeXssvxmcHQQrVCkIstymxKloVwciUEIdBELJSSeRsOobSfjofYvYdBVhYjUMFsKlLodxLVTNRcjAhFTnXpRdcpnptwFKKqhGecZdxybbUFH", "action_flag": 3, "change_message": ""}}, {"model": "admin.logentry", "pk": 292, "fields": {"action_time": "2021-12-03T19:06:07.713", "user": 1, "content_type": 4, "object_id": "6", "object_repr": "myjsWjdnkrTRQwFwXSQYMUgvQLGQTtArCpfKHgXVjDnyVilYCqGouZGNjldZMcpiglvKQOhXBObNMyBNnafXvVHyLqUAbzuWkMTQAMgKgzPRgiVkSXYiHcKdnWEWBNcOntoaUOclgwewbdOjEygrVx", "action_flag": 3, "change_message": ""}}, {"model": "admin.logentry", "pk": 293, "fields": {"action_time": "2021-12-03T19:06:07.779", "user": 1, "content_type": 4, "object_id": "7", "object_repr": "tvrDiseuJRpUbkJdugrGWaUaZNUwnxEAyXLLgYUnbuKENdJoYueioCRchVaeobjtCfKhdcNLOUJlTGYynwqCgDeRHxfOpncFpdlutwgGBekDnLAsCaCkmaBbpOICeMMQaWJMvibddckGPsoIMfjjok", "action_flag": 3, "change_message": ""}}, {"model": "admin.logentry", "pk": 294, "fields": {"action_time": "2021-12-03T19:06:07.864", "user": 1, "content_type": 4, "object_id": "12", "object_repr": "wkRjMDhVAwXxtSvnGGRyfXGSxMHwGEgLHghciMWPHXzfSmWdrnfeLJETwbdyyVCGalcFXrrVljezLyOhnVPeSuZMapGtmVaiJbVScKnWVxjLHWycCKmlwBotmfOiHpZDjKZanQGESRotpvYIgFytYx", "action_flag": 3, "change_message": ""}}, {"model": "admin.logentry", "pk": 295, "fields": {"action_time": "2021-12-05T05:36:38.613", "user": 1, "content_type": 15, "object_id": "133", "object_repr": "ALdqRjFtYqDoXbZTnnXYuIaRjHZQqpPLqQOnHeAczHdfIsSyEFGqurIcxXZqiqnYHFkfUiGhlFnapjfANaPywjCoEovpXflGwZxx", "action_flag": 3, "change_message": ""}}, {"model": "admin.logentry", "pk": 296, "fields": {"action_time": "2021-12-05T05:36:38.712", "user": 1, "content_type": 15, "object_id": "24", "object_repr": "AcUkwSwClQJTpZOzgIkpGSVNqQXnpWMNLSoqlcTFvzpkfcZmQxKfToVdIbWFxpfXWBjvUwiesgTwvQyoazFHxSBBcNzNzsWHMdIW", "action_flag": 3, "change_message": ""}}, {"model": "admin.logentry", "pk": 297, "fields": {"action_time": "2021-12-05T05:36:38.795", "user": 1, "content_type": 15, "object_id": "57", "object_repr": "AlUHfsIDRVyZTVeUvXOWWkPJpaOEIJOUHHZfMooZXrhcTAxKIWerlTvaGBTdfYXvhFTudbncOUnBxPRnPAYnBhCAKgvUmnEUDbcO", "action_flag": 3, "change_message": ""}}, {"model": "admin.logentry", "pk": 298, "fields": {"action_time": "2021-12-05T05:36:38.879", "user": 1, "content_type": 15, "object_id": "152", "object_repr": "AtxHQsgJfPkTKXwAseolZRBMNqoetuYvHqatTFHFVLAPFOTjohzOlblysQyLGtatXIuzTNtTQzDTXrweowUfQbukUvXxdWtcTLfU", "action_flag": 3, "change_message": ""}}, {"model": "admin.logentry", "pk": 299, "fields": {"action_time": "2021-12-05T05:36:38.963", "user": 1, "content_type": 15, "object_id": "98", "object_repr": "AzmDEHRORSHQFghiJBVUHebwCaRNiZjTGOlrJkLGnlwAibLuKRYvTrybQCpMXyPsLQgpprqKMOmavXBuxDgzXkMWMCIRrpDBzqCX", "action_flag": 3, "change_message": ""}}, {"model": "admin.logentry", "pk": 300, "fields": {"action_time": "2021-12-05T05:36:39.071", "user": 1, "content_type": 15, "object_id": "125", "object_repr": "BMpaAOPrNWDQyWWpfSDzRpTiuptnxwUEgzzinLfYYLJfvTKNTSqARQVzGrqhLKlHomeQrOgrWaAeoNGpKaJRSSdSajMdezQvJMlJ", "action_flag": 3, "change_message": ""}}, {"model": "admin.logentry", "pk": 301, "fields": {"action_time": "2021-12-05T05:36:39.163", "user": 1, "content_type": 15, "object_id": "139", "object_repr": "BZxCzpZpHbCWaNZFzWspoxFtgABzxLWzumCTnjRMSgvyKHSCRPbMWopYKiOSKpfBQYPIJOGpetXaOJvANNSkcycGWzJxupVPTJVn", "action_flag": 3, "change_message": ""}}, {"model": "admin.logentry", "pk": 302, "fields": {"action_time": "2021-12-05T05:36:39.219", "user": 1, "content_type": 15, "object_id": "21", "object_repr": "BocGpGkfHalyHgZjQWadUXpOJcynRBkYLxLuPvkmjvpGEboZmwzffGbQEtUDFbVNoOyDuVwbZRTVqqATCInLRUioMoWTboeTIAaF", "action_flag": 3, "change_message": ""}}, {"model": "admin.logentry", "pk": 303, "fields": {"action_time": "2021-12-05T05:36:39.304", "user": 1, "content_type": 15, "object_id": "106", "object_repr": "CTOLbbIbrgkRVfOSsTvdhOjeWSaQsbSZMwPjcrJzuPUAvmHOEpqBJzCXgzZuNdxUaJTLWBIVXfsIZSaorqoxIbrTaKTYdbTNaDkT", "action_flag": 3, "change_message": ""}}, {"model": "admin.logentry", "pk": 304, "fields": {"action_time": "2021-12-05T05:36:39.389", "user": 1, "content_type": 15, "object_id": "111", "object_repr": "CfddixeCMPstnKvPqGbKkUwJLQPJOFnUQnjPXVyHxaoQrhAwVaDJXPegfqnsujmHaZuiIUnUEjkyAQFhljuOmcvpNNFJfAjPaGOr", "action_flag": 3, "change_message": ""}}, {"model": "admin.logentry", "pk": 305, "fields": {"action_time": "2021-12-05T05:36:39.474", "user": 1, "content_type": 15, "object_id": "13", "object_repr": "CwvlFCECxlQFBSaTnnnDgxENInMsphVCuijUOjuuUcLRyAFIGNILiuckUHnAPjZYGEfkIobQLCFYhaiSjMjluRQqodiAWuIKtfGJ", "action_flag": 3, "change_message": ""}}, {"model": "admin.logentry", "pk": 306, "fields": {"action_time": "2021-12-05T05:36:39.559", "user": 1, "content_type": 15, "object_id": "54", "object_repr": "DXkvXSggQFXaqCdzCyUPREtCitIIGIxyOGdYEzmYVuUfEuAvBuAkcsvXiIAKuZuGXBkdZKPZXNXbiaQJibsdDwJWxGBRAHtjQOBZ", "action_flag": 3, "change_message": ""}}, {"model": "admin.logentry", "pk": 307, "fields": {"action_time": "2021-12-05T05:36:39.643", "user": 1, "content_type": 15, "object_id": "63", "object_repr": "ETYAzRibBNMfYOhOseDzQFcCKSViAXVzWdPcToidtdPdWUdGAwnUeHRMbqEjjpnlBkGhyvnIlqvlAXAZLKZfcSeAjfcDgOzCooTf", "action_flag": 3, "change_message": ""}}, {"model": "admin.logentry", "pk": 308, "fields": {"action_time": "2021-12-05T05:36:39.728", "user": 1, "content_type": 15, "object_id": "30", "object_repr": "EdCUawfZDxxpdDocYBfZTQQmNYwbJbyRDsaClWWTTCFcueABHMgvfGCekslKgzFldpSrSXfEdFDLDKNlYmPkWuSoMQeZnyIjTfcr", "action_flag": 3, "change_message": ""}}, {"model": "admin.logentry", "pk": 309, "fields": {"action_time": "2021-12-05T05:36:39.784", "user": 1, "content_type": 15, "object_id": "32", "object_repr": "EhIFyYTUZujfvhUuqhAlplBtwSpGHHVMzFpyMlrYGfnCIannYcxVWeEAfPJQSYIrMRVWYyitnOKpkDVvpqGbhzGlYavSEBQRBQtU", "action_flag": 3, "change_message": ""}}, {"model": "admin.logentry", "pk": 310, "fields": {"action_time": "2021-12-05T05:36:39.883", "user": 1, "content_type": 15, "object_id": "162", "object_repr": "EkIVrcrEaXpESZLVZKqotfhVrxsixbkZcfQgvsXebqnLNjeljcwWbImNVUvenHbfxKndciOzmWPWhddAfRdlPQJnULVQWWnKbsHs", "action_flag": 3, "change_message": ""}}, {"model": "admin.logentry", "pk": 311, "fields": {"action_time": "2021-12-05T05:36:39.982", "user": 1, "content_type": 15, "object_id": "87", "object_repr": "ErYTSnxcbjxNxeifscBDVzFDKjwiXtDChtZawaGzZQcMbfTNlfbcxTSrhZdDBwHuoKNHVNTZATwKyxHQaYpUlzzsrLUstpWmMrIC", "action_flag": 3, "change_message": ""}}, {"model": "admin.logentry", "pk": 312, "fields": {"action_time": "2021-12-05T05:36:40.096", "user": 1, "content_type": 15, "object_id": "52", "object_repr": "FOWtTKYXYVkyESyXXPYkSWTzDMSTKldEhrCMMxFkrKdHKutdtpHlXTzjDmnTwWEUrCnWPSEaBAzNVeYLqHvjNBdMwXQCtskrUElY", "action_flag": 3, "change_message": ""}}, {"model": "admin.logentry", "pk": 313, "fields": {"action_time": "2021-12-05T05:36:40.200", "user": 1, "content_type": 15, "object_id": "108", "object_repr": "FSWbaFhjxTNHxmaADgkVEFZiweTLBkgbhqCwcWZeHGcrUxXqnDeIzYlcxaHZXCHHJNnIHJSUheKUeJrQuYdDXdeGEcLgygbNSByt", "action_flag": 3, "change_message": ""}}, {"model": "admin.logentry", "pk": 314, "fields": {"action_time": "2021-12-05T05:36:40.284", "user": 1, "content_type": 15, "object_id": "96", "object_repr": "FYKPytvlJuPzgomBStRuhYVdaYGTOPdPcioXIunaoZKvphoFSuUKeBuhDXDzMHeBuHFvWyrhRpMCQINcZHXjvISouPgoNMjhEXTt", "action_flag": 3, "change_message": ""}}, {"model": "admin.logentry", "pk": 315, "fields": {"action_time": "2021-12-05T05:36:40.369", "user": 1, "content_type": 15, "object_id": "22", "object_repr": "FadeKgBOxhPyLwGreTlQVeitRqRPlyHkluEbaOpTgEQrQzKvSIGhNHTFfdHWazODKoOYilQtVDxWPrIGtMyvOLvQHuOirONstRYI", "action_flag": 3, "change_message": ""}}, {"model": "admin.logentry", "pk": 316, "fields": {"action_time": "2021-12-05T05:36:40.453", "user": 1, "content_type": 15, "object_id": "33", "object_repr": "GIPgprxfVWuQzANnIhEsFFpFwWXxIyUOTOvRVeyCFikCBcDUwwqKSEmSFtBDABHqRzOUQtkeDdBuHSMEQLeVHVYvXizQRTpXzCoU", "action_flag": 3, "change_message": ""}}, {"model": "admin.logentry", "pk": 317, "fields": {"action_time": "2021-12-05T05:36:40.552", "user": 1, "content_type": 15, "object_id": "157", "object_repr": "GRZbBedCPYipftjYwSBlFBPeLUSGyhPMgYPaYqohSmaeuYdlxeINcJRCvhYSlTSugGpBHmiDVkiuuvjdvOOYhjmqpnVvMFTYTVrG", "action_flag": 3, "change_message": ""}}, {"model": "admin.logentry", "pk": 318, "fields": {"action_time": "2021-12-05T05:36:40.637", "user": 1, "content_type": 15, "object_id": "143", "object_repr": "GTankkndClbWUOTCcmSGhaHbbeahZcMQPuUWmgPAMSDorKBYLEGOcUNBBYqCsPwhQOljsluIlWMCYqjXyEaHcEabKdDTxatWRYex", "action_flag": 3, "change_message": ""}}, {"model": "admin.logentry", "pk": 319, "fields": {"action_time": "2021-12-05T05:36:40.721", "user": 1, "content_type": 15, "object_id": "9", "object_repr": "GbKawsoeNHhFpXteNXNDAsJRUbpSeFFAoeiDJjKJmMKbLDkujJdCLzfqxOdSAwKTXeDIlJgfdNHAhZBexjALUZVgDDFGwgrwkCfo", "action_flag": 3, "change_message": ""}}, {"model": "admin.logentry", "pk": 320, "fields": {"action_time": "2021-12-05T05:36:40.806", "user": 1, "content_type": 15, "object_id": "88", "object_repr": "GboIyyVrUohNgPWArQaRdjBsijnlpYCWaQCgcWfMJNXhAlzelWKIGSeDmgQXoYswssJMuerAfxkeAMYYFLVtCeqBYJvaDQhCkzub", "action_flag": 3, "change_message": ""}}, {"model": "admin.logentry", "pk": 321, "fields": {"action_time": "2021-12-05T05:36:40.863", "user": 1, "content_type": 15, "object_id": "118", "object_repr": "HIulMGGHNODIsmcnSURvqlATTeHmxvDTRksKOuLDFIhGchfsvSIiEFdylFZhssyraiIxKYBFZHLTQNbIlHFsCRRixopDhRnwDbaX", "action_flag": 3, "change_message": ""}}, {"model": "admin.logentry", "pk": 322, "fields": {"action_time": "2021-12-05T05:36:40.947", "user": 1, "content_type": 15, "object_id": "132", "object_repr": "IwEtPIITQKSicGKlZugxetEeFcnoPQbbJaesJBaTDRJdDyCCAvQhztQExVDDjPCnmfgQeHaGkGvlNgBMjSnqqDwmGPLObzvAIBZb", "action_flag": 3, "change_message": ""}}, {"model": "admin.logentry", "pk": 323, "fields": {"action_time": "2021-12-05T05:36:41.032", "user": 1, "content_type": 15, "object_id": "61", "object_repr": "JFrRRrEjkDxgHPqlxdPihKOPqJSBxUTiDlMvgHlhNEPEeKYNUazYzyxeeGSVsBTWrrZjNiOuMVUlunHJLLfQdqtNiEGrGwuQqHji", "action_flag": 3, "change_message": ""}}, {"model": "admin.logentry", "pk": 324, "fields": {"action_time": "2021-12-05T05:36:41.116", "user": 1, "content_type": 15, "object_id": "28", "object_repr": "JJdCEwIVBpEYXcPPqAnDdyPkHQcdDgkPIGThuvvzomBOUtidmjECIleNHTuzSSTycyXYZNXHdUrjyWSubJGVuKnudUCHGwpagMeH", "action_flag": 3, "change_message": ""}}, {"model": "admin.logentry", "pk": 325, "fields": {"action_time": "2021-12-05T05:36:41.201", "user": 1, "content_type": 15, "object_id": "120", "object_repr": "JOgPSnJOROlAKqDuKINfqSVsUyBcjRacoGHLJkCPpLSgblsLwjTvHSqgDoxpKAOezUZNAWAzhkODukiNbzBMnmhccvrEypTtkuSp", "action_flag": 3, "change_message": ""}}, {"model": "admin.logentry", "pk": 326, "fields": {"action_time": "2021-12-05T05:36:41.285", "user": 1, "content_type": 15, "object_id": "73", "object_repr": "LfXtuiviRiOrfGTUoVxHyiICsPKpSsZOTzhryUklMrcNcAEpqzGaANaeQCzIXxHayAnkkDfSCcJsupEeDLGKDbPwpoZdjaEmBHVe", "action_flag": 3, "change_message": ""}}, {"model": "admin.logentry", "pk": 327, "fields": {"action_time": "2021-12-05T05:36:41.371", "user": 1, "content_type": 15, "object_id": "8", "object_repr": "LjSPwyNsPHpdgARTrxkoLiBuBiWouLhedymkDwQLOgeGWxoMfmihIMWNiocIrimEsWRVYmZQsOlqhJsxYbwgNfiJNGqGZZXGWzeP", "action_flag": 3, "change_message": ""}}, {"model": "admin.logentry", "pk": 328, "fields": {"action_time": "2021-12-05T05:36:41.427", "user": 1, "content_type": 15, "object_id": "127", "object_repr": "LmWXeZUWgcBetbYBxZwnnIMAFOgUqpGakXAWoBFRPrjugQxXtBZsUdzDFDcjMRMTPLdVPLcVIDdQLAqCgOXokjlivhIYWsMbkvLj", "action_flag": 3, "change_message": ""}}, {"model": "admin.logentry", "pk": 329, "fields": {"action_time": "2021-12-05T05:36:41.483", "user": 1, "content_type": 15, "object_id": "112", "object_repr": "MGbCSJhTrLnaHekmBzFGYBpbjnTinGJfQlbBREPxnKzstnSbFhsoHWpVHOcuesZIRsqbBicnVqGyKRGjahEbUgrzDdmvYGhsfmUP", "action_flag": 3, "change_message": ""}}, {"model": "admin.logentry", "pk": 330, "fields": {"action_time": "2021-12-05T05:36:41.568", "user": 1, "content_type": 15, "object_id": "37", "object_repr": "MVyMfSAxjDCWIilgkDIZpoYxjttEVUAFYfeJtMmLbeXldfDzDHacwzCfJabxHoqYWaOVGeutwEVetPzqxwuUJSTIjdsbButqvWgX", "action_flag": 3, "change_message": ""}}, {"model": "admin.logentry", "pk": 331, "fields": {"action_time": "2021-12-05T05:36:41.653", "user": 1, "content_type": 15, "object_id": "145", "object_repr": "McfTvBbOEhyLrMRArwYxjqGsPjYkKxHNsMjVXroSttozLzLkBtROUSkRaDfBxteGjnvLhaynKupKdjFWcDRPsWkZumgAGsjxgKaC", "action_flag": 3, "change_message": ""}}, {"model": "admin.logentry", "pk": 332, "fields": {"action_time": "2021-12-05T05:36:41.751", "user": 1, "content_type": 15, "object_id": "122", "object_repr": "MugmLrsaZwQkTkCtjLZIjYEsKmHzxPJNRFYPYQmewPOkgZMJsoBYUuqOlKuPKgtMTJAAcJKcaZYprrElRpKXjCXFSNIDSUkwWxXg", "action_flag": 3, "change_message": ""}}, {"model": "admin.logentry", "pk": 333, "fields": {"action_time": "2021-12-05T05:36:41.892", "user": 1, "content_type": 15, "object_id": "34", "object_repr": "NpftxIlgmjBJXLmhQycadCLrtVAoskBFLhKmmtnwrKkCzrvPDdlyiPeeFYQFjfyGTcCeUAoJlEwAvSewzrWyEEXDTYXLKRLrRkFP", "action_flag": 3, "change_message": ""}}, {"model": "admin.logentry", "pk": 334, "fields": {"action_time": "2021-12-05T05:36:41.958", "user": 1, "content_type": 15, "object_id": "93", "object_repr": "OefOdqiingtxaieotzQzNIsWPKCkYzWDveSKDCDheFlODQzrSwWPHXbFuopelhcPLyhRbIvqhDOblpwVbblKBxJnGOgNnnzXgHJu", "action_flag": 3, "change_message": ""}}, {"model": "admin.logentry", "pk": 335, "fields": {"action_time": "2021-12-05T05:36:42.043", "user": 1, "content_type": 15, "object_id": "77", "object_repr": "OjufhCMGCFOrjMekFdbvGxQSTqtCgVKJUkLFrwbdcxnNgXUsxXGmIvgOURWaeCobGdSKWkSpKuVItfRtpBpFLUvybFMDOYFjaWoq", "action_flag": 3, "change_message": ""}}, {"model": "admin.logentry", "pk": 336, "fields": {"action_time": "2021-12-05T05:36:42.110", "user": 1, "content_type": 15, "object_id": "109", "object_repr": "OnnoYeaTejMohTSzXvgyRfLIeTfzWpKCypmsDKFtvLIcLPnhuHrbJGQBnbIcznSqXkjZiWEKKvJEhNJSJiXAeBIDABCUKxfHovdC", "action_flag": 3, "change_message": ""}}, {"model": "admin.logentry", "pk": 337, "fields": {"action_time": "2021-12-05T05:36:42.168", "user": 1, "content_type": 15, "object_id": "66", "object_repr": "OoYoqAwglwwvpqjDZOsefArrIwRcgoNANDPnOKfIMlZnJJirUGfLpuzTZnDMnzuMsbLblGRGwCaQWKTrgJBDoldHFhMaTyEyerbw", "action_flag": 3, "change_message": ""}}, {"model": "admin.logentry", "pk": 338, "fields": {"action_time": "2021-12-05T05:36:42.235", "user": 1, "content_type": 15, "object_id": "90", "object_repr": "OvnTOCPxSUUEDMrFOjJWsPwlqHEKHvOdgrUQAlHJqfhsPYZqUoXIhoxtJrUagHGwPSQTSVETZRayCPwaMbFmiePKElYzVrrMOjNa", "action_flag": 3, "change_message": ""}}, {"model": "admin.logentry", "pk": 339, "fields": {"action_time": "2021-12-05T05:36:42.299", "user": 1, "content_type": 15, "object_id": "58", "object_repr": "PXHwlQuauolMgbBVXbMPiwowpVEoWlPrjWzqGRuYhrPlmFvTZiVTTFkkwobDbuGWlDKFDoTascZmiUmtNDjeOWawctKFqFGIKrvB", "action_flag": 3, "change_message": ""}}, {"model": "admin.logentry", "pk": 340, "fields": {"action_time": "2021-12-05T05:36:42.383", "user": 1, "content_type": 15, "object_id": "43", "object_repr": "PdmiTPjZhgZwitUHfrIqUXMhqzVLLFrEDKIVCZoUNRxacEMFiInJXVJrAddVoPtnOgrQSXvgHOaJdjXejcnJegiYiKXDmlkjJKYr", "action_flag": 3, "change_message": ""}}, {"model": "admin.logentry", "pk": 341, "fields": {"action_time": "2021-12-05T05:36:42.440", "user": 1, "content_type": 15, "object_id": "74", "object_repr": "PldqJSmHzkYfdwnqovROeOoDThOMzCSBuqNDicnpbYjPzfDrNKyTYuCtrpAxJKVyLDsdpsvUStXHGEwnHzCOxVfdiNkWUilaeVpI", "action_flag": 3, "change_message": ""}}, {"model": "admin.logentry", "pk": 342, "fields": {"action_time": "2021-12-05T05:36:42.525", "user": 1, "content_type": 15, "object_id": "31", "object_repr": "PlpBPiSQQjTLHWOKzgGdGTMOfMangkNMExAoZyBfpvWmFLGPDvCvmrWNVLlZSqDZSJfEttMZTLoTNHmSSrOutrUGnhEThoWsQpqf", "action_flag": 3, "change_message": ""}}, {"model": "admin.logentry", "pk": 343, "fields": {"action_time": "2021-12-05T05:36:42.609", "user": 1, "content_type": 15, "object_id": "41", "object_repr": "QETRmNzozesvIaXccqkAnrLWMyaPugZdIgqFwJzHiLkkVRkxdjLyJfLqGyZChDVylZcYjrTRVJAUBuoptLDJLzlBFixDzTnDGbhw", "action_flag": 3, "change_message": ""}}, {"model": "admin.logentry", "pk": 344, "fields": {"action_time": "2021-12-05T05:36:42.694", "user": 1, "content_type": 15, "object_id": "129", "object_repr": "QNetIuuSMGopKjlrKloPpEUPMOeBoUjfpnNLqsQVfxceWbJkDJouPeMwRmogCNotVEACJAKsIjueZghNSwyMYwOQgCxGOsFCFMKM", "action_flag": 3, "change_message": ""}}, {"model": "admin.logentry", "pk": 345, "fields": {"action_time": "2021-12-05T05:36:42.761", "user": 1, "content_type": 15, "object_id": "67", "object_repr": "QfcSkoRXLAyKlcHwLBbuRPmzHzpvxPRrGErizWDgokdWjCUxcDljALzaBUIIbSDjAagqFfsBPXAXWgYocPcKeyFVrYdxrwQiZXcs", "action_flag": 3, "change_message": ""}}, {"model": "admin.logentry", "pk": 346, "fields": {"action_time": "2021-12-05T05:36:42.845", "user": 1, "content_type": 15, "object_id": "102", "object_repr": "QsVAAdhWkROBrUgXAYSaPooyKmNizhdEWobHPezdwKbxuVvMLsAdAGCdggiDwgolWNbGkiiRnZlEKlGctzrlUHsjXAIekjDpppmj", "action_flag": 3, "change_message": ""}}, {"model": "admin.logentry", "pk": 347, "fields": {"action_time": "2021-12-05T05:36:42.940", "user": 1, "content_type": 15, "object_id": "104", "object_repr": "RMwsRXQiBTQnYxLgpyTsuKRkrMzrZcKKSSWHJHrTIzHrAcdrhFTjSkghvQmoklIqpgzkwnErImqgYINjYuGTuiGrejJzuggPEPTH", "action_flag": 3, "change_message": ""}}, {"model": "admin.logentry", "pk": 348, "fields": {"action_time": "2021-12-05T05:36:43.007", "user": 1, "content_type": 15, "object_id": "134", "object_repr": "RlyzGKnCZnfGZDsoZtziVErJcHIzoPjrShCtMwHQPHQUeJGsPwjjbKgoJnLwRWUIiYYfHyFtpSXkJoHZvUPGwENhKOSQxCNtZnix", "action_flag": 3, "change_message": ""}}, {"model": "admin.logentry", "pk": 349, "fields": {"action_time": "2021-12-05T05:36:43.063", "user": 1, "content_type": 15, "object_id": "79", "object_repr": "SCcNFxRsXvOLPbgzfoJgZdghLHEPAvNhBuhUkAESLIBOYsEROyLSAEZvKmLixHsACvcekqWaipVtUUWuytgZqWZoVESPcHHxvxFP", "action_flag": 3, "change_message": ""}}, {"model": "admin.logentry", "pk": 350, "fields": {"action_time": "2021-12-05T05:36:43.119", "user": 1, "content_type": 15, "object_id": "119", "object_repr": "SGJFqJtmtkFdpqUtscqMqLbwuVaXXVszVoXthJtoglQWlCpfZVLggdGxZMLWaUByqxlnjIXvSmRozvgaxlgUphlRvBLWomvbOeLG", "action_flag": 3, "change_message": ""}}, {"model": "admin.logentry", "pk": 351, "fields": {"action_time": "2021-12-05T05:36:43.176", "user": 1, "content_type": 15, "object_id": "10", "object_repr": "UqAUaggkzonmZnWKzmLlOswBYDzYLgXrTReuDaNIjWMNhmVvliUQNZDnXgNTdPNirMvSGsICKAnlkmyXblYCKZwPIRsZgWqModWM", "action_flag": 3, "change_message": ""}}, {"model": "admin.logentry", "pk": 352, "fields": {"action_time": "2021-12-05T05:36:43.260", "user": 1, "content_type": 15, "object_id": "46", "object_repr": "VBysthouBApnKwNqgLFnKhRwRXNRjKIFkbZbWnkHewsuRSvwaeLkDwbdeOZSVJCAbIgbcAetbcMIFOzZRbLMioTyWSINCXzWaBKl", "action_flag": 3, "change_message": ""}}, {"model": "admin.logentry", "pk": 353, "fields": {"action_time": "2021-12-05T05:36:43.345", "user": 1, "content_type": 15, "object_id": "68", "object_repr": "VEfkCsWIBDRherRIUbMdfszAUQGGyumSycsWeFBSvwaPvqfgIXMtElizIJuPTRwQapHdPtmXKLyylOIWFXHySpiUnlPIFttAzZRX", "action_flag": 3, "change_message": ""}}, {"model": "admin.logentry", "pk": 354, "fields": {"action_time": "2021-12-05T05:36:43.429", "user": 1, "content_type": 15, "object_id": "124", "object_repr": "VrrLalJfUxBFYxtkjFpsniETMsZbEViSLbiNnNJNllKOSKNroLQdjLJKpOhvvNgHPhEUvtErefnWRTnqKgcgwRvsvLnhaSgRUOiN", "action_flag": 3, "change_message": ""}}, {"model": "admin.logentry", "pk": 355, "fields": {"action_time": "2021-12-05T05:36:43.525", "user": 1, "content_type": 15, "object_id": "92", "object_repr": "VzaDyYfpvVCNlxvFxSOxOBgdZwJniRFypSKaMXNAoaJepByfRcXmKeEjxEXzxfIbAzTQXQtlxrfLYFRxnVnBFVTkizYTHVmVhGSw", "action_flag": 3, "change_message": ""}}, {"model": "admin.logentry", "pk": 356, "fields": {"action_time": "2021-12-05T05:36:43.620", "user": 1, "content_type": 15, "object_id": "84", "object_repr": "WZgjrNSBsXDuzcMyrZFZvesUBfYFztaoJAXzGyipRabvXsHavLAapSewuCEYmSnalXbQoImxaHTXNnGnDOsUoMGzWtOPJYjemZbO", "action_flag": 3, "change_message": ""}}, {"model": "admin.logentry", "pk": 357, "fields": {"action_time": "2021-12-05T05:36:43.755", "user": 1, "content_type": 15, "object_id": "44", "object_repr": "XEjMbcgKAfsncysknAhxDxmcDTvumeGHIYfNCWhLPmVIgYrmvViFqmphwkBWTEqJiJRtKdZwayxmAkTGJrcYzKKuZShHsKDdDdsM", "action_flag": 3, "change_message": ""}}, {"model": "admin.logentry", "pk": 358, "fields": {"action_time": "2021-12-05T05:36:43.811", "user": 1, "content_type": 15, "object_id": "89", "object_repr": "XKbdxFECOnSsdQndrSWRfThRsoBvDUmDCQHHGGoaBdeGbMjhqGzTStJPzybICDcuguhzwNYrxfoxeHHoUklLtTDwaYCnkAeISfgo", "action_flag": 3, "change_message": ""}}, {"model": "admin.logentry", "pk": 359, "fields": {"action_time": "2021-12-05T05:36:43.868", "user": 1, "content_type": 15, "object_id": "38", "object_repr": "XNwEYRYVwHzRgaHwKmLLhRoCJdLukpGBzvhntgSMqksIPPhWQeovzECRZLRieGBCOXeYBgqsqxTAuJdgQozzlacHlLhjspQBnSgw", "action_flag": 3, "change_message": ""}}, {"model": "admin.logentry", "pk": 360, "fields": {"action_time": "2021-12-05T05:36:43.925", "user": 1, "content_type": 15, "object_id": "149", "object_repr": "XUWrxpyHYttiIeMCzKaLfehwtPmzcafatfRzmZiBzYtbcLJHQenlQDuksQlEmdimLTJRhGqwjhhnCBTEIaraBAKkqgHvxsHmOCxn", "action_flag": 3, "change_message": ""}}, {"model": "admin.logentry", "pk": 361, "fields": {"action_time": "2021-12-05T05:36:43.991", "user": 1, "content_type": 15, "object_id": "50", "object_repr": "XUqFpvBnKBsFApsaenGgqWhOnlgKSIXvafmnlyGVdpVwjGXuieWmTshkhLqRGVrCfPAqRlRTAIDPelGAaUGBeAfAUvlMlVgbrtIL", "action_flag": 3, "change_message": ""}}, {"model": "admin.logentry", "pk": 362, "fields": {"action_time": "2021-12-05T05:36:44.048", "user": 1, "content_type": 15, "object_id": "148", "object_repr": "XbfxAuWENTZTdbuWKWUCuKcHgPazQGYhmuVQGTNChTNAVnccqNHOqVaXQNbjKcVXKnImfCXLOdHodRvicrTCTDZqlGRTucwjNHFq", "action_flag": 3, "change_message": ""}}, {"model": "admin.logentry", "pk": 363, "fields": {"action_time": "2021-12-05T05:36:44.133", "user": 1, "content_type": 15, "object_id": "20", "object_repr": "XxcSHrpinwUGzWtNeiZFkgevWJYKgnbyqzsdtTGGWVcoZSkkTCgBtsWPOIheAhedfoUnmixModIWnGOiuceHctRYdSKrFqnotqZn", "action_flag": 3, "change_message": ""}}, {"model": "admin.logentry", "pk": 364, "fields": {"action_time": "2021-12-05T05:36:44.237", "user": 1, "content_type": 15, "object_id": "62", "object_repr": "YIiXIrTehavFvBCDUAtqfopfoqYqZNqYKzrNmccbtncfdmyNhCGivMvmcjOWWazNXZsZmSzSqlajCVZtccSkVYNlQCZCCUtNzetw", "action_flag": 3, "change_message": ""}}, {"model": "admin.logentry", "pk": 365, "fields": {"action_time": "2021-12-05T05:36:44.323", "user": 1, "content_type": 15, "object_id": "51", "object_repr": "YoNfDsQoNEVfKBxeXnnAdGNngbZxtjlboLoszHLVtznalUDCGdgZZbGjnjVvqXdbOVGvBhoYIlhNwySdWMTmmsUpMwMebYSKeper", "action_flag": 3, "change_message": ""}}, {"model": "admin.logentry", "pk": 366, "fields": {"action_time": "2021-12-05T05:36:44.388", "user": 1, "content_type": 15, "object_id": "121", "object_repr": "ZbiYHgaOxFekAJpUEffHMtgsNRMhVkGcyYmJDsjDaNIPEemfjbxlqjWVPqrYocdPZrpqDeZVLzaoqukNmcZbZItltVyJQTAsyUpB", "action_flag": 3, "change_message": ""}}, {"model": "admin.logentry", "pk": 367, "fields": {"action_time": "2021-12-05T05:36:44.443", "user": 1, "content_type": 15, "object_id": "19", "object_repr": "aIIjFmMmKwTLkMrPuizZBgzMTZulrpGTtscewmQRGZsKBROgcBrFtxBAQxubJekvuTcIVLprphIwWXUAZuAiTMBtgohuJhRfJKPN", "action_flag": 3, "change_message": ""}}, {"model": "admin.logentry", "pk": 368, "fields": {"action_time": "2021-12-05T05:36:44.539", "user": 1, "content_type": 15, "object_id": "113", "object_repr": "aPduyVHnXZwTWeqXQlsNZGHqSCWkChjDZCiTgPsVbkBLSnLwBrokrVBJZXhAnOVLLEaOVaSswcVdPdubaqFhewZqqgmJROOdUDWD", "action_flag": 3, "change_message": ""}}, {"model": "admin.logentry", "pk": 369, "fields": {"action_time": "2021-12-05T05:36:44.595", "user": 1, "content_type": 15, "object_id": "144", "object_repr": "aWCNVMJzoXhNvRLzagEsDoJWAlPFcTgdVpXiytrygDKDRoJQSnqjcyGWNUkQWiVoKgvREThbkfNjuopkyODrbldkapQhAkJiWXHw", "action_flag": 3, "change_message": ""}}, {"model": "admin.logentry", "pk": 370, "fields": {"action_time": "2021-12-05T05:36:44.652", "user": 1, "content_type": 15, "object_id": "163", "object_repr": "aZcaBdkGwybIjLPUmXnWxbGmwrEgQtWKuapwnWoGMvHvFYTVcFSrUGYHWAxFzpUSYTssegQQvDCsfcvEzPtKNRSHtHpSSOZDParC", "action_flag": 3, "change_message": ""}}, {"model": "admin.logentry", "pk": 371, "fields": {"action_time": "2021-12-05T05:36:44.708", "user": 1, "content_type": 15, "object_id": "105", "object_repr": "acKQneeSIvmWHyDiGiEAKXGqeKTKvRdVbVyShbbHjfzqCrzUIIYzjuGAtzeNhbEmzKhCkuEdwQHMNBDbkiQbaHMDzLOWzFntlErx", "action_flag": 3, "change_message": ""}}, {"model": "admin.logentry", "pk": 372, "fields": {"action_time": "2021-12-05T05:36:44.793", "user": 1, "content_type": 15, "object_id": "29", "object_repr": "asmvdlEzlvLIvmSYtSjZrkmFvbIMgYEIjwvHTWKjLmFwjFGQZUBomByUDWnPZWZrUmmxmKOZPGkhvkuRlOHFTzKmlBLmTjVKIlHy", "action_flag": 3, "change_message": ""}}, {"model": "admin.logentry", "pk": 373, "fields": {"action_time": "2021-12-05T05:36:44.877", "user": 1, "content_type": 15, "object_id": "60", "object_repr": "attktCUsWytDmhPJgKDbTxhfvNQuIZKbbfhVOPNQtmeXJDjahfJLswVPHVjamQaXbDRXBDXqLLmJoTCarghWhZRXIJbLrkQzaING", "action_flag": 3, "change_message": ""}}, {"model": "admin.logentry", "pk": 374, "fields": {"action_time": "2021-12-05T05:36:44.961", "user": 1, "content_type": 15, "object_id": "15", "object_repr": "biPdgXyHSRhnuJhZFpVxDUTmtfEQvIIGOPOrxQUrLbwWZEUMkBMeRMSlJKDdFgTwfQJSPqunUnjFAePOnWXktzxBokjnwHHYYqWU", "action_flag": 3, "change_message": ""}}, {"model": "admin.logentry", "pk": 375, "fields": {"action_time": "2021-12-05T05:36:45.047", "user": 1, "content_type": 15, "object_id": "18", "object_repr": "cSbjtmSODgoHBbdHVHnQZFxXiLCwqqmJHbuIXBiOjLxhdQFPIGSFWXLhvrNlXFqsqrljNlIjEtmWUoCNuPreHsLfxozvTVCPgtQl", "action_flag": 3, "change_message": ""}}, {"model": "admin.logentry", "pk": 376, "fields": {"action_time": "2021-12-05T05:36:45.103", "user": 1, "content_type": 15, "object_id": "128", "object_repr": "cVNwYiZvKrWFekqCzWosjWrNfAOzVNszQrMqPxPzYptyPKdpNrrkjKECXwbPVLecwtdiUqOlwKZzpNnCyaNvMEAKzlapYExGNEtg", "action_flag": 3, "change_message": ""}}, {"model": "admin.logentry", "pk": 377, "fields": {"action_time": "2021-12-05T05:36:45.160", "user": 1, "content_type": 15, "object_id": "140", "object_repr": "cpsNDfiohMqfWdxDEHCXuoAJHJcOBjuzhzrzKjxjBHgCuYgbxylXjDXDjRySJdTaqJndyxuGUVpbOJbNhhVkOUWucapEbmzLmDRu", "action_flag": 3, "change_message": ""}}, {"model": "admin.logentry", "pk": 378, "fields": {"action_time": "2021-12-05T05:36:45.245", "user": 1, "content_type": 15, "object_id": "160", "object_repr": "dRIMltdIWYtMcbfCGLxwvLgWfaIdttuMPhkERhWmklThOVAaFogyCGNuiydyRnFaCLqpkzbEanaeZQrLEFxmZUkviIaIiZytvuEJ", "action_flag": 3, "change_message": ""}}, {"model": "admin.logentry", "pk": 379, "fields": {"action_time": "2021-12-05T05:36:45.310", "user": 1, "content_type": 15, "object_id": "78", "object_repr": "dUyOaatEaiajkFOxpxlPElnUDdoazEYxiaQZLpWqVRfqzMWItSicagjvYNUKaRlgrQLikRbgdPbvlYdqSHLZDdObmwagbLnkVnUM", "action_flag": 3, "change_message": ""}}, {"model": "admin.logentry", "pk": 380, "fields": {"action_time": "2021-12-05T05:36:45.440", "user": 1, "content_type": 15, "object_id": "94", "object_repr": "dgPvPIWpzSLsWvIasQJZERpNtuWmYxhSJEXGrJvLPlePsYOWfGiJOdKfvSKPdjHGgXdHkZGKtiTyDUXHAeKidmUBqJdIEzpnBoKS", "action_flag": 3, "change_message": ""}}, {"model": "admin.logentry", "pk": 381, "fields": {"action_time": "2021-12-05T05:36:45.496", "user": 1, "content_type": 15, "object_id": "91", "object_repr": "dtRSXBTjCjVUsQXAWCOggCLwGJFYMycImLevamfDpGHiSLGaTgmVkMTkWCWMlxbiTGQzxpbkweExyPpIOnRItaqtYXJugGmohops", "action_flag": 3, "change_message": ""}}, {"model": "admin.logentry", "pk": 382, "fields": {"action_time": "2021-12-05T05:36:45.676", "user": 1, "content_type": 15, "object_id": "142", "object_repr": "eBzjaArZjlWrxBIOtEwNhBbSeLSiizVPgksmGZRnKNppprlHVNKCJISBiLJmsAuDiQAzDnoUgaFaBFJPFRZVenGJhGPefqoKnXiT", "action_flag": 3, "change_message": ""}}, {"model": "admin.logentry", "pk": 383, "fields": {"action_time": "2021-12-05T05:36:45.770", "user": 1, "content_type": 15, "object_id": "135", "object_repr": "ejKWiOTbCoMkxTJYpPqNLBkKwVXkwmODnQHaHifQGixjyPPSeGqsCTBArkrUNjAynHUoxxpEQKsaLrYDMkkgCREKQzFDemZycadL", "action_flag": 3, "change_message": ""}}, {"model": "admin.logentry", "pk": 384, "fields": {"action_time": "2021-12-05T05:36:45.868", "user": 1, "content_type": 15, "object_id": "85", "object_repr": "fMOQCdAJLNZJNnVMCXLuzzPDNQjVrokXmkqdzsCpHHlXBSMJvPnHZTIsSAOJpwBMzUpOLqtbVRPUiJhwBypbLnVwLCGsHdHKnQSU", "action_flag": 3, "change_message": ""}}, {"model": "admin.logentry", "pk": 385, "fields": {"action_time": "2021-12-05T05:36:45.925", "user": 1, "content_type": 15, "object_id": "155", "object_repr": "feFhXMsqEsPOfHWgAoBomRRFpSHafBZvPSDRDQIsZecuwwKWqrorFfYGLobPgvrkBYIiEaItMPMjyhUSXClbcRYIImfRgsYELzQr", "action_flag": 3, "change_message": ""}}, {"model": "admin.logentry", "pk": 386, "fields": {"action_time": "2021-12-05T05:36:46.020", "user": 1, "content_type": 15, "object_id": "117", "object_repr": "fgLJgWbuYSfZWoSattTvCSOuTPeekXzUkWLhJpaDJXEwRxkzbzIcCxPWBiXAfPdSdUXbJknTQVEerydxtZoeRwzfhNVemcwYZGka", "action_flag": 3, "change_message": ""}}, {"model": "admin.logentry", "pk": 387, "fields": {"action_time": "2021-12-05T05:36:46.086", "user": 1, "content_type": 15, "object_id": "11", "object_repr": "fqHKVEdlvFEWpgFZjbMmfwgxjRxyeTEetlJkotabHmLBRIpAdSSenrCpHXJNTGjJiyapkMDzvDWswJBDJiGtIfCvpDjskAlbnXtz", "action_flag": 3, "change_message": ""}}, {"model": "admin.logentry", "pk": 388, "fields": {"action_time": "2021-12-05T05:36:46.143", "user": 1, "content_type": 15, "object_id": "153", "object_repr": "hJDqtTtJIrIvFosBDSBXDzuKvRzASdZxNhNLHlRvkPlkthwiTHfnCIEpqgzmGWiUjWyipMfgCMpczSVYJYjVqPtwBReLZEIawbZP", "action_flag": 3, "change_message": ""}}, {"model": "admin.logentry", "pk": 389, "fields": {"action_time": "2021-12-05T05:36:46.199", "user": 1, "content_type": 15, "object_id": "115", "object_repr": "hJaggbAYEvETVLVYBZkRoOLRYsXorUjWEOiBUkJeExWoDmiyRIUmuRFtFFLNREOLuYjXqpuEtKlHkkvoMYOkhEWIMpOcoLwHLiAF", "action_flag": 3, "change_message": ""}}, {"model": "admin.logentry", "pk": 390, "fields": {"action_time": "2021-12-05T05:36:46.256", "user": 1, "content_type": 15, "object_id": "47", "object_repr": "hJzwtEhRIMUSzcODKCfDjAfHqEDFSBSlHaQRYYWLLATeYijkcFxDmlihalenPMRAKBvCAQchpJhcFTAECwOQYJiMilhNvEWAZNSW", "action_flag": 3, "change_message": ""}}, {"model": "admin.logentry", "pk": 391, "fields": {"action_time": "2021-12-05T05:37:02.695", "user": 1, "content_type": 15, "object_id": "5", "object_repr": "hKQSvzlWWnVALJJMqFbBpgxvwPQjziqPUiJNONdWhLXhCfouxubGnuRQkdYHVqUMsHnfYHHdJbhCbjczsXMIQpvDPVUIzqDCYKjL", "action_flag": 3, "change_message": ""}}, {"model": "admin.logentry", "pk": 392, "fields": {"action_time": "2021-12-05T05:37:02.814", "user": 1, "content_type": 15, "object_id": "14", "object_repr": "hMNSfqZphyYADXJuClEHwKcTPfOvPXAYottlbtfevSyPQpSNDLgIGaolCWvbujysVjjrIGSwUQiRRAlXqzctkOuzeIYJkCaTHZnf", "action_flag": 3, "change_message": ""}}, {"model": "admin.logentry", "pk": 393, "fields": {"action_time": "2021-12-05T05:37:02.872", "user": 1, "content_type": 15, "object_id": "161", "object_repr": "hRUKCutXCyTdPTbOXDoOzgWteAVLZtikdNKjjAAJxeJMHogRtCxIBJnqqTVLcoyTzIOLeplXNcAXYLtJSShpZyspGlIZkGhJsPKN", "action_flag": 3, "change_message": ""}}, {"model": "admin.logentry", "pk": 394, "fields": {"action_time": "2021-12-05T05:37:02.931", "user": 1, "content_type": 15, "object_id": "7", "object_repr": "hRanStGhMgomnZoOjBiHOnNdpNDvqQuTQoKpcSnBfnDMPoAwVeIVfZayeUWhwhYjgWRDUQCIDYiILIpjuZDMHhruRHyRaupWEtlw", "action_flag": 3, "change_message": ""}}, {"model": "admin.logentry", "pk": 395, "fields": {"action_time": "2021-12-05T05:37:03.000", "user": 1, "content_type": 15, "object_id": "116", "object_repr": "hRvQvHDZsqLnQdJKlPFCHFXTuYiceaiYdWFurCsMKiMpwZVrDcocgLglPFEOTtLEqqCWMoJSLSijoQlVEZEVDfXdUmfexfTlBxgB", "action_flag": 3, "change_message": ""}}, {"model": "admin.logentry", "pk": 396, "fields": {"action_time": "2021-12-05T05:37:03.087", "user": 1, "content_type": 15, "object_id": "159", "object_repr": "hhGfsHFwHrGlvZhdHTaudZUflSphKDhdXSuWohyTBjFbxPxEsaexKXinqGfbItdNvPZeHOFcrVjxLUvFZZkSAVhnLUuDXSovIqCO", "action_flag": 3, "change_message": ""}}, {"model": "admin.logentry", "pk": 397, "fields": {"action_time": "2021-12-05T05:37:03.146", "user": 1, "content_type": 15, "object_id": "147", "object_repr": "idnvDnDlDniLlXVxocctluSYiUzNBBVTWrCpcXGuzvDaJyMqDwoWyqMgqgGhTITwHfHpiWaZPKIZTeOQhqRiPnyXgRfGTdMigjUZ", "action_flag": 3, "change_message": ""}}, {"model": "admin.logentry", "pk": 398, "fields": {"action_time": "2021-12-05T05:37:03.204", "user": 1, "content_type": 15, "object_id": "70", "object_repr": "iikDcrzTingRBpCpVnIHulrSjGbEkVTgsWdthCBBORIKcyUoHjrxvrRETJCvqtYbDjFEnTJqLDhDNEclWYdiKAQiRUHftJvLhsrB", "action_flag": 3, "change_message": ""}}, {"model": "admin.logentry", "pk": 399, "fields": {"action_time": "2021-12-05T05:37:03.263", "user": 1, "content_type": 15, "object_id": "59", "object_repr": "izwQcAPtzSIlhfXSfxGBiQpHYUEqWtuDOHMewLAuvZYezIMRolliGtpXgzuQsgQFqzBPknnhNeGZsyMgIplkYniNbTciuQekiVhK", "action_flag": 3, "change_message": ""}}, {"model": "admin.logentry", "pk": 400, "fields": {"action_time": "2021-12-05T05:37:03.321", "user": 1, "content_type": 15, "object_id": "49", "object_repr": "jKsxsQvrHtAaudHXSfyhBxloKmZQteIpyhIGwMAxfEHqgLmwFTWhwhNzweDxnYpGOsNnSfqlzzeplJtMdMGdSJbVtVQAyrlAtwou", "action_flag": 3, "change_message": ""}}, {"model": "admin.logentry", "pk": 401, "fields": {"action_time": "2021-12-05T05:37:03.409", "user": 1, "content_type": 15, "object_id": "101", "object_repr": "jgDBWDDYTLoskDdVEUIBaeuUviuljRMmbCLdRYXWkzvSOixTRYEoovbZsbPUiJfqcygSjLDVnAnJmggZpTacTrmHcTxqOjVAiDwD", "action_flag": 3, "change_message": ""}}, {"model": "admin.logentry", "pk": 402, "fields": {"action_time": "2021-12-05T05:37:03.496", "user": 1, "content_type": 15, "object_id": "110", "object_repr": "jtvCbdfWRMVlMAhIkVwTFUOrLmTPviZiLSXDTPJAaMUWvSEFkbBDaAKXcfnMLgJxcnrjUcRipHzxOwyJJpVYNoVZjTwrnNeABmlq", "action_flag": 3, "change_message": ""}}, {"model": "admin.logentry", "pk": 403, "fields": {"action_time": "2021-12-05T05:37:03.586", "user": 1, "content_type": 15, "object_id": "164", "object_repr": "kJcDhoXOpPGKgdhPGfdytBtmhBumdAyHTmgQMmDLSxUfYLpxLlqoRWvaFYGPUWBzIzESinNPUIAvQxksJhFeGQHdtGZNiUvGyUMa", "action_flag": 3, "change_message": ""}}, {"model": "admin.logentry", "pk": 404, "fields": {"action_time": "2021-12-05T05:37:03.653", "user": 1, "content_type": 15, "object_id": "16", "object_repr": "kNjjjIGWqgbVXsGsjgcPbauAQyiXCbQvLdfhGZNJhSBFrDKoontjxswlOQePUnbXXmNgunIhKvusKGkIICDqGgkQIAkQbnJATboZ", "action_flag": 3, "change_message": ""}}, {"model": "admin.logentry", "pk": 405, "fields": {"action_time": "2021-12-05T05:37:03.741", "user": 1, "content_type": 15, "object_id": "40", "object_repr": "kRchqRaFqbCNQIYkMfJRvXUmSlHWlpdpXdhooIjESOLRfGbjWQmvoVHVdGVabTPcmBSLSgtkgRCdJcwSVtqapPjbLmPkwXyhrpcn", "action_flag": 3, "change_message": ""}}, {"model": "admin.logentry", "pk": 406, "fields": {"action_time": "2021-12-05T05:37:03.828", "user": 1, "content_type": 15, "object_id": "75", "object_repr": "lXQTqlQusZMkxbOCeGkPFCAKOOhFhHhxZukYRgKLofpYrKmwjFDvyiIjHiDnKZXqTBcMakOTEXjqETxrWTSMXwKokiWfzTHfOVej", "action_flag": 3, "change_message": ""}}, {"model": "admin.logentry", "pk": 407, "fields": {"action_time": "2021-12-05T05:37:03.916", "user": 1, "content_type": 15, "object_id": "35", "object_repr": "llxKaRHcPChcrTvPNjFQBKUXNnBermdOAvQkCnFLGzqfalYNTsEIFhGPEVhXMZmENIEolReDtxSldohldxMcrrwkmFZboCfvdGXf", "action_flag": 3, "change_message": ""}}, {"model": "admin.logentry", "pk": 408, "fields": {"action_time": "2021-12-05T05:37:04.003", "user": 1, "content_type": 15, "object_id": "26", "object_repr": "lumxyCSJyTJqfVXAmoYjxFnSrwbXmyKxiakInLfeEprQjpCDkGcRzEXweBznbhSiqyZDqTAwFKQqRLEZefVDYfcutCLtfRJcyQnh", "action_flag": 3, "change_message": ""}}, {"model": "admin.logentry", "pk": 409, "fields": {"action_time": "2021-12-05T05:37:04.063", "user": 1, "content_type": 15, "object_id": "151", "object_repr": "mBZdcobNjyiLunQkzQHZwCvPKRZFoUQBudSAxKBxFQmZtmratiLmsGPWYfgJlJRXiHSEnhmpgepbkgCWgXlWmDwZJPdYQJXdYlAo", "action_flag": 3, "change_message": ""}}, {"model": "admin.logentry", "pk": 410, "fields": {"action_time": "2021-12-05T05:37:04.149", "user": 1, "content_type": 15, "object_id": "36", "object_repr": "mLfWBDZsuHSNCjtbJOPqkNKBmljhrCPXIIDIQMMipPRXNzQXMOxaIvUpVuPLOyzAhPtzVcdaadOOkSVeHJxvhMIztGJibDORGEba", "action_flag": 3, "change_message": ""}}, {"model": "admin.logentry", "pk": 411, "fields": {"action_time": "2021-12-05T05:37:04.238", "user": 1, "content_type": 15, "object_id": "56", "object_repr": "mPehbRALArOLwVYlkERscBBLGBqLXPGsWFCAJKnOrRjkSYNAKbmtgPbizEGFfbuOZhJqeDBsmyDCAAQJiHGygILyigtMKGFQwNjQ", "action_flag": 3, "change_message": ""}}, {"model": "admin.logentry", "pk": 412, "fields": {"action_time": "2021-12-05T05:37:04.325", "user": 1, "content_type": 15, "object_id": "42", "object_repr": "mmDbHdFoBeqtlaGruEwYRSTiCvUnAvceJYRXfzudcQCusTVNntLZVMoSImetqSMjYFULHDidDSqOkggstPOQnbbAhzEDKFeftCxq", "action_flag": 3, "change_message": ""}}, {"model": "admin.logentry", "pk": 413, "fields": {"action_time": "2021-12-05T05:37:04.424", "user": 1, "content_type": 15, "object_id": "86", "object_repr": "nWPlICdqeDRNxNMlcKuYinZtABJyURrrizIpjssGDIyeFOCpiwZSnuWAizYmOBmXdhyucPIGyUfLNXiAMCWWoGkaNUyFGhSfVClR", "action_flag": 3, "change_message": ""}}, {"model": "admin.logentry", "pk": 414, "fields": {"action_time": "2021-12-05T05:37:04.512", "user": 1, "content_type": 15, "object_id": "99", "object_repr": "nuTsWazbXdaeSYrlwnbXEatcWfmIHejSZrkmQPOMPWhDPOGNrtFnZWksUACBzgoSgoYDagGLQwibCwnRCTurvlMYKanPfnhaPvCt", "action_flag": 3, "change_message": ""}}, {"model": "admin.logentry", "pk": 415, "fields": {"action_time": "2021-12-05T05:37:04.627", "user": 1, "content_type": 15, "object_id": "82", "object_repr": "oHEiVJmrTSMjAzhbNvnsTdMjCGKCgRdcRgzuTxVuuLnoINgsilwfPsJosHRzfCyswBIDNktXmxifZRNnMmXOsXpjoKsweKacyROz", "action_flag": 3, "change_message": ""}}, {"model": "admin.logentry", "pk": 416, "fields": {"action_time": "2021-12-05T05:37:04.686", "user": 1, "content_type": 15, "object_id": "158", "object_repr": "oPQySYkHNpGeluSsLBfeWYYVCLrQFarAMNjvESQIAkDvjxtBNzIgdhyIbyaGpVKFZMkbCJDZlWJsZMnHXlkfUlhdrYaFXoqvflXV", "action_flag": 3, "change_message": ""}}, {"model": "admin.logentry", "pk": 417, "fields": {"action_time": "2021-12-05T05:37:04.745", "user": 1, "content_type": 15, "object_id": "83", "object_repr": "oZPwMJPRrzIrAqPVeYKODSzHIOFGfdhFVSHigRayUZnRQWYiWRDDTDMNiUIopTdBAdPAtrmxpPvvycXCQhkZiXDIRcIvttdSSDup", "action_flag": 3, "change_message": ""}}, {"model": "admin.logentry", "pk": 418, "fields": {"action_time": "2021-12-05T05:37:04.832", "user": 1, "content_type": 15, "object_id": "136", "object_repr": "obQnHqsPHTyduhimZJBxOQsicxYXunMLGtBfTdiQQPNGaSAxirhitbdIMqyLHRsRgjTkXbYdajxTSJyBVjRUYzxZSrKCiSAxElZv", "action_flag": 3, "change_message": ""}}, {"model": "admin.logentry", "pk": 419, "fields": {"action_time": "2021-12-05T05:37:04.931", "user": 1, "content_type": 15, "object_id": "23", "object_repr": "omFPHZeAhPasbsLfjtLqhiSIbNRbEcYWiUYqCePikhecyhiZFyYUQEdZzGgcGcwaoONgbouRLuqASnLQjyUmjJtCZuElhJUwhDIg", "action_flag": 3, "change_message": ""}}, {"model": "admin.logentry", "pk": 420, "fields": {"action_time": "2021-12-05T05:37:04.989", "user": 1, "content_type": 15, "object_id": "126", "object_repr": "pRNnLyFaffUQieFAVTphItSUaBNRwwfltGCkzqnGvPsrIlbmUZVTaYWuKBUotDTiakgWEXCGRmZkPOagdWSSVaDBVajWNjsyoCYB", "action_flag": 3, "change_message": ""}}, {"model": "admin.logentry", "pk": 421, "fields": {"action_time": "2021-12-05T05:37:05.097", "user": 1, "content_type": 15, "object_id": "17", "object_repr": "pzoWGBcrfxACKBnmWCCctLMNIlbljWtQIeDSKldIVJQaZbmYffZltOibuyDNLypDraMYpPVSQyyPwNdYeAuFLZSDUDgAvnmpeQTV", "action_flag": 3, "change_message": ""}}, {"model": "admin.logentry", "pk": 422, "fields": {"action_time": "2021-12-05T05:37:05.184", "user": 1, "content_type": 15, "object_id": "107", "object_repr": "qRPRmEuaCAlaNgdSTgMWepQYvQvvPALXUQAlQCLMdJTeupCLRQekeRRlLOdbPGIAlwUtPvSptPZlsWpRYMKEalQjqDfegjEsBLMD", "action_flag": 3, "change_message": ""}}, {"model": "admin.logentry", "pk": 423, "fields": {"action_time": "2021-12-05T05:37:05.243", "user": 1, "content_type": 15, "object_id": "65", "object_repr": "qmLqKpPRBXqDYQotmROABSdZiAmHwPBDEYeywnoClrzRnoVBUOuFCqqMZLBTcOgCLlNBcaBgRdqyKAJuBvbJwxnBhXzfsJKlkXVb", "action_flag": 3, "change_message": ""}}, {"model": "admin.logentry", "pk": 424, "fields": {"action_time": "2021-12-05T05:37:05.301", "user": 1, "content_type": 15, "object_id": "138", "object_repr": "qmUJPEcOjypdwrruiwoauFITXyzhHSxgeCRVkxfBppJKIQKUhPDsmsHtTNdgAllrTJqwHMwHISdlZirmdTtkIVwjlCbQzjxrurUv", "action_flag": 3, "change_message": ""}}, {"model": "admin.logentry", "pk": 425, "fields": {"action_time": "2021-12-05T05:37:05.389", "user": 1, "content_type": 15, "object_id": "154", "object_repr": "qtBhCsutSfhlupFGDvMJZSJszvWGpszbjzDOydccrzuXsMIxDjOqYvCHMHPaQBWfUYmMOIzyNlFeAbVavMOsiDHkjYOjfBZlbtBq", "action_flag": 3, "change_message": ""}}, {"model": "admin.logentry", "pk": 426, "fields": {"action_time": "2021-12-05T05:37:05.476", "user": 1, "content_type": 15, "object_id": "123", "object_repr": "rNUGivfTxkkgLAyPDLyLbHfcVWXcTRJjgscBuwpVzlbuJJcFBCUQAfuruRXraMqAjLUTrSYNazYaNyEtHFMYJECOJOZSMXtZcXrz", "action_flag": 3, "change_message": ""}}, {"model": "admin.logentry", "pk": 427, "fields": {"action_time": "2021-12-05T05:37:05.565", "user": 1, "content_type": 15, "object_id": "55", "object_repr": "rpSIgYFslIQKsDfEDlsZUEfXLrMJJxZnbyWoERniFQILkotBbFVhQylwkKjBPCHatWDhDhDdBfGqEQWJCaGDQMUSxtjFcvLdAYGp", "action_flag": 3, "change_message": ""}}, {"model": "admin.logentry", "pk": 428, "fields": {"action_time": "2021-12-05T05:37:05.652", "user": 1, "content_type": 15, "object_id": "72", "object_repr": "rzeLEMusWADLRqksleDRuTQNMVehwDdBINwXOHTfDnLXSvEqlUMtXLBUwICKQFQgVnnbXxLdsfhmyNekNZZgZPyVpBOBZQDyRmtL", "action_flag": 3, "change_message": ""}}, {"model": "admin.logentry", "pk": 429, "fields": {"action_time": "2021-12-05T05:37:05.711", "user": 1, "content_type": 15, "object_id": "150", "object_repr": "scGNHwwjpFEarMmxEeADwxqRgkcbvVMVLFyZssfdRCejIcyvYMMwPXIEmDJnXzdDaXioSmrVywdaTatTWJgzdnxyCMBiHRuppBJo", "action_flag": 3, "change_message": ""}}, {"model": "admin.logentry", "pk": 430, "fields": {"action_time": "2021-12-05T05:37:05.769", "user": 1, "content_type": 15, "object_id": "81", "object_repr": "scyOZQGyMayGImZsKeIkboVZskFVLnXbJDoPJDBermqfEvcYZcXJzwenAKCUvWXXPVCPMnrjnrLfAmNSrNttVCPdnSrRScrngPVi", "action_flag": 3, "change_message": ""}}, {"model": "admin.logentry", "pk": 431, "fields": {"action_time": "2021-12-05T05:37:05.857", "user": 1, "content_type": 15, "object_id": "76", "object_repr": "tFgxJrGSqzwJPDfdLZfPvLRgEJxixfgbERAWDxuTKnqGHjWttwtKKbvocMvocSelRqcKxjZnqNgbzQVpzKIrYSTGzXnDywzJmBGN", "action_flag": 3, "change_message": ""}}, {"model": "admin.logentry", "pk": 432, "fields": {"action_time": "2021-12-05T05:37:05.944", "user": 1, "content_type": 15, "object_id": "71", "object_repr": "tHHvIMKrtTtqcUlmPHDCEUOCJnpCciKvBzAcmCjQNDFeJMETXUIKNuelIiLUKSyjslJjsvyAkLMHbnyYVVhlGicWLSmlEpXEnDOE", "action_flag": 3, "change_message": ""}}, {"model": "admin.logentry", "pk": 433, "fields": {"action_time": "2021-12-05T05:37:06.032", "user": 1, "content_type": 15, "object_id": "6", "object_repr": "tsDHGsgOJxOgrrGZsVIyZBaJAxmFlwTTTBrohqJVFCFKvLYixNQkvzYlakUEGXbqsuhVenFUkNdsbgsSqpmeHowDFTuqLaIIdFuh", "action_flag": 3, "change_message": ""}}, {"model": "admin.logentry", "pk": 434, "fields": {"action_time": "2021-12-05T05:37:06.120", "user": 1, "content_type": 15, "object_id": "53", "object_repr": "tsEnOLEHcEmqddrCcKcfEVEDyAYlQyzYCfnZacKaRwZhxIXzAjRFHBqZIvgIahxowqxkqChmhmYELAiauDKvLMxjDlnRWhcKleBD", "action_flag": 3, "change_message": ""}}, {"model": "admin.logentry", "pk": 435, "fields": {"action_time": "2021-12-05T05:37:06.222", "user": 1, "content_type": 15, "object_id": "137", "object_repr": "wTjgRhOotBlcKKdOpPLJrtRDIOjDUgcnhfcrothsUsArKQvrRovMkVOScsaUjarBsRzmyNFqTcBcRsnvXKIaPcoXWsgtvbcsuklU", "action_flag": 3, "change_message": ""}}, {"model": "admin.logentry", "pk": 436, "fields": {"action_time": "2021-12-05T05:37:06.291", "user": 1, "content_type": 15, "object_id": "131", "object_repr": "wjtlLtbDrHKoYaGxFxrKbYGpBeKiKSwfidpHohBuQFTGFvSyYZdLJRBBcUKTZKvZcmtYUmRBNvpgZSEyRqlixEKWqPgGfVACkZKy", "action_flag": 3, "change_message": ""}}, {"model": "admin.logentry", "pk": 437, "fields": {"action_time": "2021-12-05T05:37:06.349", "user": 1, "content_type": 15, "object_id": "100", "object_repr": "wxTzPLaMwDoFXmLGRaxrjhelgQYvQMUHWRGTisGEDGxgwMQVEIkYoPafFfKvtBtpoHtESeboOshnZFVBgrsvThLzICjQrdDYqZgT", "action_flag": 3, "change_message": ""}}, {"model": "admin.logentry", "pk": 438, "fields": {"action_time": "2021-12-05T05:37:06.437", "user": 1, "content_type": 15, "object_id": "130", "object_repr": "xdXydIFzfrIvFZOBfLVWxNpTuXdsCDyWUHjRkhdkvTYwwcPPwzjGKyQHxqiSzwspjXJLJFljwXEgseBTqZuroFJRdDNBfiKwefLM", "action_flag": 3, "change_message": ""}}, {"model": "admin.logentry", "pk": 439, "fields": {"action_time": "2021-12-05T05:37:06.525", "user": 1, "content_type": 15, "object_id": "146", "object_repr": "xdaHcFPIRnqruPSYpDhqjJAmRyHKkWnbUENZNFcwVdjWSgfCwGqKqhQvEosyaQvycjawtDyInNcnwoLpwKqbBECaOvoiSAZbUuXV", "action_flag": 3, "change_message": ""}}, {"model": "admin.logentry", "pk": 440, "fields": {"action_time": "2021-12-05T05:37:06.583", "user": 1, "content_type": 15, "object_id": "103", "object_repr": "xdyZAxpoFNZinfrsJuMHatglCvqTeLBHrBozigObKuCKRSmpilmeRpHjGcVdghCWHMxYRknpBuHZKppfQOXhigIdkHDCOsdoYMwy", "action_flag": 3, "change_message": ""}}, {"model": "admin.logentry", "pk": 441, "fields": {"action_time": "2021-12-05T05:37:06.641", "user": 1, "content_type": 15, "object_id": "45", "object_repr": "xhbBWMAFeXIhGMmOEVxVMBTmPpDeDzQkxVqfvWhgsZCoBkHlCYlYTftpHzIoinDJjaaJrjwrkRAIUDjEYZxfXPsEJKaNpXupvShC", "action_flag": 3, "change_message": ""}}, {"model": "admin.logentry", "pk": 442, "fields": {"action_time": "2021-12-05T05:37:06.730", "user": 1, "content_type": 15, "object_id": "27", "object_repr": "xyeSsUPtPNOTenQkWMFHSKFqKwQbOombODqqLljXvWsEYuiQnFonYSkSUWsQRgLsrfUIgLxTNYqsxXLucJHVvZwbTAeSnZWIQKUi", "action_flag": 3, "change_message": ""}}, {"model": "admin.logentry", "pk": 443, "fields": {"action_time": "2021-12-05T05:37:06.817", "user": 1, "content_type": 15, "object_id": "69", "object_repr": "yGvmgWNvAVWvkzytFGrqzBqNyRqBeJmwocUFnrhPOYENCEgYvDUwJNiwTJcFYdgCrduBBuFboyFXqOUEtjtgJbBKXaHJQDGddYYz", "action_flag": 3, "change_message": ""}}, {"model": "admin.logentry", "pk": 444, "fields": {"action_time": "2021-12-05T05:37:06.905", "user": 1, "content_type": 15, "object_id": "97", "object_repr": "yLHwhiEHvRZqIMqcXytEoYQwJGvwakabWLzZkgwmztWNxDCykQwElNPTWykBDUMYxhNKPJolubqBTUkyYhLRewvLxUddAoeVvYGb", "action_flag": 3, "change_message": ""}}, {"model": "admin.logentry", "pk": 445, "fields": {"action_time": "2021-12-05T05:37:07.002", "user": 1, "content_type": 15, "object_id": "64", "object_repr": "yTUaEPbVriBqqdCCtTybEkDtRgZsrRCGYmrIMDnMspNyrbFNnxmgjHMlxsSQXxkXbSFIKwNQqNseOSwGvyuEQgQfdepCUtGlVAAv", "action_flag": 3, "change_message": ""}}, {"model": "admin.logentry", "pk": 446, "fields": {"action_time": "2021-12-05T05:37:07.061", "user": 1, "content_type": 15, "object_id": "39", "object_repr": "yupbSaLEeSwwJxGgEepODshecXEJoUnIfgkaPpnYOYLPUOdgRzmzUsRWVaHDBlsnpuYTgpTAwuZiJlOuVkKhFyhgWMRTnxAjXgfK", "action_flag": 3, "change_message": ""}}, {"model": "admin.logentry", "pk": 447, "fields": {"action_time": "2021-12-05T05:37:07.159", "user": 1, "content_type": 15, "object_id": "95", "object_repr": "zEDPflbqGubwmNuWnxfZKCPMkSXVdrYxCMKZqirrxNFIetyaCRXWEPdsItBVRmZWOMPmZuGSVOPhKIPrSAWPKtaRUWIysmvxQiAm", "action_flag": 3, "change_message": ""}}, {"model": "admin.logentry", "pk": 448, "fields": {"action_time": "2021-12-05T05:37:07.247", "user": 1, "content_type": 15, "object_id": "114", "object_repr": "zJENibZyQRRVpFVkzYxKjyqJVsRwlbinuKmIfjiKnpZrPXSYwJrRqRwdpxmOOgCBhMdDIvCixqtxxIrJuiqcijVLLbywlXFvXXwg", "action_flag": 3, "change_message": ""}}, {"model": "admin.logentry", "pk": 449, "fields": {"action_time": "2021-12-05T05:37:07.334", "user": 1, "content_type": 15, "object_id": "48", "object_repr": "zYmpEhpDgPItOKgHhVpbFZTgGjVaLQahCyKnfBRrGjzGsmbziIGhiOmYKDyLDgLwShyCIfIDoxNPRjOOmLVxCtvqVxPRjGNSjHwc", "action_flag": 3, "change_message": ""}}, {"model": "admin.logentry", "pk": 450, "fields": {"action_time": "2021-12-05T05:37:07.421", "user": 1, "content_type": 15, "object_id": "156", "object_repr": "zaurwVgVdfhHcusLUEZYgapCUxqmzVMMsXbDMfXFDFuHTcbZURtATcEALiXyOTFIAAGGpdNhldPxkfLTvaYXELbTgfhnKdwhcxAd", "action_flag": 3, "change_message": ""}}, {"model": "admin.logentry", "pk": 451, "fields": {"action_time": "2021-12-05T05:37:07.510", "user": 1, "content_type": 15, "object_id": "25", "object_repr": "zgTreVWPZLkGtXJQMhgERlyVoxuJYCKPXCbKeNHPnQTbzpquuMtLeOkBQNtRAwHBiFRzIxtuAgnVlKHVpeAmpeEilpHjFJhsJkuZ", "action_flag": 3, "change_message": ""}}, {"model": "admin.logentry", "pk": 452, "fields": {"action_time": "2021-12-05T05:37:07.597", "user": 1, "content_type": 15, "object_id": "12", "object_repr": "zhfKMRGYYAoEhSRVhEWqGreeXyMRicDzzvtNccapnJhFDlwtdYmYHcMnKdQIThQAdKNLcHGPNVVMYPPvwNZLAiUPwetfPREouSVp", "action_flag": 3, "change_message": ""}}, {"model": "admin.logentry", "pk": 453, "fields": {"action_time": "2021-12-05T05:37:07.685", "user": 1, "content_type": 15, "object_id": "141", "object_repr": "zocwIWbFwLarSimRVehjXqJqalPFRaKeiiUszSKFILgZvOrvGbgQvaTIJLeuRPebzhfshzIrdGBmZmHldAEnNUqiCjirWaHlUPQv", "action_flag": 3, "change_message": ""}}, {"model": "admin.logentry", "pk": 454, "fields": {"action_time": "2021-12-05T05:37:07.788", "user": 1, "content_type": 15, "object_id": "80", "object_repr": "zwjvjyrPAszdnpSiFntVDEdcXElmhKRqIBPsthNqoSFVtkwCOXBoukDuJZZluVAMPVUhZUpkcThbEvXJkdpJuuGqvWlihaEKMqKa", "action_flag": 3, "change_message": ""}}, {"model": "admin.logentry", "pk": 455, "fields": {"action_time": "2021-12-05T05:48:51.609", "user": 1, "content_type": 15, "object_id": "5", "object_repr": "ali", "action_flag": 1, "change_message": "[{\"added\": {}}]"}}, {"model": "admin.logentry", "pk": 456, "fields": {"action_time": "2021-12-05T05:49:04.162", "user": 1, "content_type": 15, "object_id": "6", "object_repr": "ali2", "action_flag": 1, "change_message": "[{\"added\": {}}]"}}, {"model": "admin.logentry", "pk": 457, "fields": {"action_time": "2021-12-05T05:49:22.440", "user": 1, "content_type": 15, "object_id": "7", "object_repr": "rezalinux", "action_flag": 1, "change_message": "[{\"added\": {}}]"}}, {"model": "admin.logentry", "pk": 458, "fields": {"action_time": "2021-12-05T06:31:23.967", "user": 1, "content_type": 15, "object_id": "7", "object_repr": "rezalinux", "action_flag": 2, "change_message": "[{\"changed\": {\"fields\": [\"Image\"]}}]"}}, {"model": "admin.logentry", "pk": 459, "fields": {"action_time": "2021-12-05T06:32:58.548", "user": 1, "content_type": 15, "object_id": "7", "object_repr": "rezalinux", "action_flag": 2, "change_message": "[{\"changed\": {\"fields\": [\"Image\"]}}]"}}, {"model": "admin.logentry", "pk": 460, "fields": {"action_time": "2021-12-05T06:34:08.396", "user": 1, "content_type": 15, "object_id": "7", "object_repr": "rezalinux", "action_flag": 2, "change_message": "[{\"changed\": {\"fields\": [\"Image\"]}}]"}}, {"model": "admin.logentry", "pk": 461, "fields": {"action_time": "2021-12-12T06:42:46.760", "user": 1, "content_type": 15, "object_id": "9", "object_repr": "mojdeh2", "action_flag": 2, "change_message": "[{\"changed\": {\"fields\": [\"User name\"]}}]"}}, {"model": "admin.logentry", "pk": 462, "fields": {"action_time": "2021-12-12T06:44:31.038", "user": 1, "content_type": 15, "object_id": "9", "object_repr": "mojdeh3", "action_flag": 2, "change_message": "[{\"changed\": {\"fields\": [\"User name\"]}}]"}}, {"model": "admin.logentry", "pk": 463, "fields": {"action_time": "2021-12-12T06:51:44.724", "user": 1, "content_type": 15, "object_id": "9", "object_repr": "mojdeh4", "action_flag": 2, "change_message": "[{\"changed\": {\"fields\": [\"User name\"]}}]"}}, {"model": "admin.logentry", "pk": 464, "fields": {"action_time": "2021-12-12T06:55:03.288", "user": 1, "content_type": 15, "object_id": "9", "object_repr": "mojdeh5", "action_flag": 2, "change_message": "[{\"changed\": {\"fields\": [\"User name\"]}}]"}}, {"model": "admin.logentry", "pk": 465, "fields": {"action_time": "2021-12-14T05:52:50.389", "user": 1, "content_type": 15, "object_id": "5", "object_repr": "ali", "action_flag": 2, "change_message": "[{\"changed\": {\"fields\": [\"Email\"]}}]"}}, {"model": "admin.logentry", "pk": 466, "fields": {"action_time": "2021-12-14T05:53:01.528", "user": 1, "content_type": 15, "object_id": "6", "object_repr": "ali2", "action_flag": 2, "change_message": "[{\"changed\": {\"fields\": [\"Email\"]}}]"}}, {"model": "admin.logentry", "pk": 467, "fields": {"action_time": "2021-12-14T05:53:24.695", "user": 1, "content_type": 15, "object_id": "8", "object_repr": "ali3", "action_flag": 2, "change_message": "[{\"changed\": {\"fields\": [\"Email\"]}}]"}}, {"model": "admin.logentry", "pk": 468, "fields": {"action_time": "2021-12-14T05:53:35.170", "user": 1, "content_type": 15, "object_id": "9", "object_repr": "mojdeh7", "action_flag": 2, "change_message": "[{\"changed\": {\"fields\": [\"Email\"]}}]"}}, {"model": "admin.logentry", "pk": 469, "fields": {"action_time": "2021-12-14T05:53:45.526", "user": 1, "content_type": 15, "object_id": "7", "object_repr": "rezalinux", "action_flag": 2, "change_message": "[{\"changed\": {\"fields\": [\"Email\"]}}]"}}, {"model": "admin.logentry", "pk": 470, "fields": {"action_time": "2021-12-19T07:40:20.143", "user": 1, "content_type": 36, "object_id": "1", "object_repr": "rezalinux rezalinux-fffff-2021-12-19 06:57:44.166346+00:00", "action_flag": 1, "change_message": "[{\"added\": {}}]"}}, {"model": "admin.logentry", "pk": 471, "fields": {"action_time": "2021-12-19T08:13:48.579", "user": 1, "content_type": 36, "object_id": "3", "object_repr": "rezalinux rezalinux-fffff-2021-12-19 07:42:32.881219+00:00", "action_flag": 1, "change_message": "[{\"added\": {}}]"}}, {"model": "admin.logentry", "pk": 472, "fields": {"action_time": "2021-12-19T08:51:13.336", "user": 1, "content_type": 36, "object_id": "14", "object_repr": "rezalinux rezalinux-fffff-salam", "action_flag": 3, "change_message": ""}}, {"model": "admin.logentry", "pk": 473, "fields": {"action_time": "2021-12-19T08:51:13.408", "user": 1, "content_type": 36, "object_id": "13", "object_repr": "rezalinux rezalinux-fffff-xxb2", "action_flag": 3, "change_message": ""}}, {"model": "admin.logentry", "pk": 474, "fields": {"action_time": "2021-12-23T19:50:56.780", "user": 1, "content_type": 19, "object_id": "4", "object_repr": "samsung galaxy 20", "action_flag": 3, "change_message": ""}}, {"model": "admin.logentry", "pk": 475, "fields": {"action_time": "2021-12-23T19:50:56.853", "user": 1, "content_type": 19, "object_id": "3", "object_repr": "Iphone 13 Pro", "action_flag": 3, "change_message": ""}}, {"model": "admin.logentry", "pk": 476, "fields": {"action_time": "2021-12-23T20:18:06.206", "user": 1, "content_type": 29, "object_id": "1", "object_repr": "Rezacs factor on 2021-11-16 21:31:19.891370+00:00", "action_flag": 3, "change_message": ""}}, {"model": "admin.logentry", "pk": 477, "fields": {"action_time": "2021-12-26T08:56:48.930", "user": 1, "content_type": 40, "object_id": "2", "object_repr": "rezalinux - baradarane mohammad 2", "action_flag": 2, "change_message": "[{\"changed\": {\"fields\": [\"Image\"]}}]"}}, {"model": "admin.logentry", "pk": 478, "fields": {"action_time": "2021-12-26T14:29:21.711", "user": 1, "content_type": 40, "object_id": "2", "object_repr": "rezalinux - baradarane mohammad 3", "action_flag": 2, "change_message": "[{\"changed\": {\"fields\": [\"Status\"]}}]"}}, {"model": "admin.logentry", "pk": 479, "fields": {"action_time": "2021-12-26T14:29:38.378", "user": 1, "content_type": 40, "object_id": "2", "object_repr": "rezalinux - baradarane mohammad 3", "action_flag": 2, "change_message": "[]"}}, {"model": "admin.logentry", "pk": 480, "fields": {"action_time": "2021-12-26T15:04:47.193", "user": 1, "content_type": 40, "object_id": "3", "object_repr": "rezalinux - salam", "action_flag": 2, "change_message": "[{\"changed\": {\"fields\": [\"Status\"]}}]"}}, {"model": "admin.logentry", "pk": 481, "fields": {"action_time": "2021-12-27T08:05:28.720", "user": 1, "content_type": 40, "object_id": "3", "object_repr": "rezalinux - salam", "action_flag": 2, "change_message": "[{\"changed\": {\"fields\": [\"Admin description\"]}}]"}}, {"model": "admin.logentry", "pk": 482, "fields": {"action_time": "2021-12-27T08:05:45.480", "user": 1, "content_type": 40, "object_id": "3", "object_repr": "rezalinux - salam", "action_flag": 2, "change_message": "[{\"changed\": {\"fields\": [\"Category\"]}}]"}}, {"model": "admin.logentry", "pk": 483, "fields": {"action_time": "2021-12-27T08:12:44.375", "user": 1, "content_type": 40, "object_id": "3", "object_repr": "rezalinux - salam", "action_flag": 2, "change_message": "[{\"changed\": {\"fields\": [\"Category\"]}}]"}}, {"model": "admin.logentry", "pk": 484, "fields": {"action_time": "2021-12-27T12:03:58.982", "user": 1, "content_type": 40, "object_id": "1", "object_repr": "rezalinux - baradarane mohammad", "action_flag": 2, "change_message": "[{\"changed\": {\"fields\": [\"Category\"]}}]"}}, {"model": "admin.logentry", "pk": 485, "fields": {"action_time": "2021-12-28T08:57:37.001", "user": 1, "content_type": 40, "object_id": "5", "object_repr": "ali - majoon foroshi", "action_flag": 2, "change_message": "[{\"changed\": {\"fields\": [\"Status\", \"Admin description\"]}}]"}}, {"model": "admin.logentry", "pk": 486, "fields": {"action_time": "2021-12-28T09:10:45.998", "user": 1, "content_type": 41, "object_id": "6", "object_repr": "ali - majoon foroshi - laptop asus factor 2021-12-28 09:00:56.182412+00:00", "action_flag": 3, "change_message": ""}}, {"model": "admin.logentry", "pk": 487, "fields": {"action_time": "2021-12-28T09:10:46.076", "user": 1, "content_type": 41, "object_id": "5", "object_repr": "ali - majoon foroshi - laptop asus factor 2021-12-28 09:00:53.901758+00:00", "action_flag": 3, "change_message": ""}}, {"model": "admin.logentry", "pk": 488, "fields": {"action_time": "2021-12-28T09:10:46.176", "user": 1, "content_type": 41, "object_id": "4", "object_repr": "ali - majoon foroshi - laptop asus factor 2021-12-28 09:00:11.550778+00:00", "action_flag": 3, "change_message": ""}}, {"model": "admin.logentry", "pk": 489, "fields": {"action_time": "2021-12-28T09:10:46.243", "user": 1, "content_type": 41, "object_id": "3", "object_repr": "ali - majoon foroshi - laptop asus factor 2021-12-28 09:00:06.350337+00:00", "action_flag": 3, "change_message": ""}}, {"model": "admin.logentry", "pk": 490, "fields": {"action_time": "2021-12-28T09:10:46.301", "user": 1, "content_type": 41, "object_id": "2", "object_repr": "ali - majoon foroshi - laptop asus factor 2021-12-28 09:00:03.388357+00:00", "action_flag": 3, "change_message": ""}}, {"model": "auth.user", "pk": 1, "fields": {"password": "pbkdf2_sha256$260000$2UE22ZTPOJBYeiirFZUcyc$PpBKUIxNnxOsBrUERVQ/mH1kCQx9ozWL6aYIa3taA6k=", "last_login": "2021-12-30T19:51:21.399", "is_superuser": true, "username": "rezalinux", "first_name": "", "last_name": "", "email": "ralmassizx@gmail.com", "is_staff": true, "is_active": true, "date_joined": "2021-11-09T11:45:10.479", "groups": [], "user_permissions": []}}, {"model": "auth.user", "pk": 4, "fields": {"password": "pbkdf2_sha256$260000$04l2huz7NCais0gD7tTvkh$/vKeb7JFmaBHz/rj6fbsVVmVfdF7m4otjlwbbYkGovQ=", "last_login": "2021-12-28T08:58:02.972", "is_superuser": false, "username": "ali", "first_name": "", "last_name": "", "email": "ali3@gmail.com", "is_staff": false, "is_active": true, "date_joined": "2021-11-28T20:03:26.460", "groups": [], "user_permissions": []}}, {"model": "auth.user", "pk": 5, "fields": {"password": "pbkdf2_sha256$260000$Gn71wv7FLMAxKuBzyj4hs6$J0Apo6Z04WuevtTChA8gaEiEVN0HbSieiNZ8wKQTCks=", "last_login": "2021-11-30T14:42:59.325", "is_superuser": false, "username": "ali2", "first_name": "", "last_name": "", "email": "aliz@gmail.com", "is_staff": false, "is_active": true, "date_joined": "2021-11-30T14:42:58.550", "groups": [], "user_permissions": []}}, {"model": "auth.user", "pk": 22, "fields": {"password": "pbkdf2_sha256$260000$eqIp9xy6AJLn4wwbV4WZPP$Zd4t6LG6T08ks41d+ZJvRoet3QrmkGkD0hfwPhJxGCg=", "last_login": "2021-12-05T20:33:14.840", "is_superuser": false, "username": "ali3", "first_name": "", "last_name": "", "email": "ralmassizx@gmail.com", "is_staff": false, "is_active": true, "date_joined": "2021-12-05T07:55:56.788", "groups": [], "user_permissions": []}}, {"model": "auth.user", "pk": 23, "fields": {"password": "pbkdf2_sha256$260000$dyd6DDo1zyEVQV86PMUUBd$LYbV87pwklRwd1Ak4QdOuUa99RCKLR1pmNGvngU90AU=", "last_login": "2021-12-14T15:16:26.720", "is_superuser": false, "username": "mojdeh7", "first_name": "", "last_name": "", "email": "mojdeh@live.se", "is_staff": false, "is_active": true, "date_joined": "2021-12-07T07:40:28.357", "groups": [], "user_permissions": []}}, {"model": "auth.user", "pk": 24, "fields": {"password": "pbkdf2_sha256$260000$GAMCihDzlccXKzNLVGLv0V$2eIPw89cTfGf6Mp49P9ikufvmBrMqx9jfjS7af6XecE=", "last_login": null, "is_superuser": false, "username": "ali4", "first_name": "", "last_name": "", "email": "ralmassizx@gmail.com", "is_staff": false, "is_active": true, "date_joined": "2021-12-14T05:54:25.767", "groups": [], "user_permissions": []}}, {"model": "sessions.session", "pk": "468r8103i8rmmw8yi7ku2znbi1ippjzl", "fields": {"session_data": ".eJxVjM0OwiAQhN-FsyH8yLL16N1nIAssUjU0Ke3J-O62SQ96nPm-mbcItC41rJ3nMGZxEWdx-u0ipSe3HeQHtfsk09SWeYxyV-RBu7xNmV_Xw_07qNTrtrYpITGUiMp6ZZy2nI0dvEeigkAWHGwZdErOFFRMAxWtPRetEHIUny_aBzep:1mvbte:W1oAaT3tMRN1ZcP33WOlDr2ah6OwXkGRHLzPmRMZxng", "expire_date": "2021-12-24T09:08:54.135"}}, {"model": "sessions.session", "pk": "5i5ko4ppcobglqetz8az9nncr5f9lidb", "fields": {"session_data": ".eJxVjEEOwiAQRe_C2hDqADIu3XsGMjCDVA1NSrsy3l2bdKHb_977LxVpXWpcu8xxZHVWgzr8bonyQ9oG-E7tNuk8tWUek94UvdOurxPL87K7fweVev3Wjopj9EBgj5wFSxCw5AcDJngMJlkUdl4csoUTs0tFAHPIFIwIo3p_AOUuOFM:1mucZk:R3eEyMktN0Qm-lHHwbVwzpWwc7lrnf2iKzBsiVO4T7M", "expire_date": "2021-12-21T15:40:16.011"}}, {"model": "sessions.session", "pk": "diaq1ej961n6gs8b6wq619u4inyz9mex", "fields": {"session_data": ".eJxVjEEOwiAQRe_C2hDqADIu3XsGMjCDVA1NSrsy3l2bdKHb_977LxVpXWpcu8xxZHVWgzr8bonyQ9oG-E7tNuk8tWUek94UvdOurxPL87K7fweVev3Wjopj9EBgj5wFSxCw5AcDJngMJlkUdl4csoUTs0tFAHPIFIwIo3p_AOUuOFM:1n2yB7:azpNKovBHYnoTGnOwSTxobsBgTJ3VNQb0pR1UsnO7ww", "expire_date": "2022-01-13T19:51:21.462"}}, {"model": "sessions.session", "pk": "fmwrsqxp671j5tlqz3h2rls9kcky1xr8", "fields": {"session_data": ".eJxVjEEOwiAQRe_C2hDqADIu3XsGMjCDVA1NSrsy3l2bdKHb_977LxVpXWpcu8xxZHVWgzr8bonyQ9oG-E7tNuk8tWUek94UvdOurxPL87K7fweVev3Wjopj9EBgj5wFSxCw5AcDJngMJlkUdl4csoUTs0tFAHPIFIwIo3p_AOUuOFM:1mspIe:FTin5uZ0I4sMwMIj4YXIlqKSF0tqqLHzMAyMvYomve4", "expire_date": "2021-12-16T16:51:12.620"}}, {"model": "sessions.session", "pk": "hj36fipo2xp70naa6nyut7kmczene38u", "fields": {"session_data": ".eJxVjEEOwiAQRe_C2hDqADIu3XsGMjCDVA1NSrsy3l2bdKHb_977LxVpXWpcu8xxZHVWgzr8bonyQ9oG-E7tNuk8tWUek94UvdOurxPL87K7fweVev3Wjopj9EBgj5wFSxCw5AcDJngMJlkUdl4csoUTs0tFAHPIFIwIo3p_AOUuOFM:1mwqGa:EKgBi-QWO0P4wwfcixGHSLj0N2IfQtSEUWDMbH_25P8", "expire_date": "2021-12-27T18:41:40.272"}}, {"model": "sessions.session", "pk": "hspv3mfj9bbce2482h8p77flvs6ltuyq", "fields": {"session_data": ".eJxVjEEOwiAQRe_C2hDqADIu3XsGMjCDVA1NSrsy3l2bdKHb_977LxVpXWpcu8xxZHVWgzr8bonyQ9oG-E7tNuk8tWUek94UvdOurxPL87K7fweVev3Wjopj9EBgj5wFSxCw5AcDJngMJlkUdl4csoUTs0tFAHPIFIwIo3p_AOUuOFM:1mnQFF:k0esmgK-ysB_me61QrUAcsoZpbyQ9oNzynfSLHkbaJg", "expire_date": "2021-12-01T19:05:21.679"}}, {"model": "sessions.session", "pk": "nd7zovnzefgkkfc3qkxxhvvd1i6pejli", "fields": {"session_data": ".eJxVjEEOwiAQRe_C2hDqADIu3XsGMjCDVA1NSrsy3l2bdKHb_977LxVpXWpcu8xxZHVWgzr8bonyQ9oG-E7tNuk8tWUek94UvdOurxPL87K7fweVev3Wjopj9EBgj5wFSxCw5AcDJngMJlkUdl4csoUTs0tFAHPIFIwIo3p_AOUuOFM:1mkPZb:3HKfYNOWw7VtycyRLT_5JCoomfG-859-kse-dfD53Mk", "expire_date": "2021-11-23T11:45:55.231"}}, {"model": "sessions.session", "pk": "u76vyz9vgqps5iag66wjltapf19dnf2e", "fields": {"session_data": ".eJxVjEEOwiAQRe_C2hDqADIu3XsGMjCDVA1NSrsy3l2bdKHb_977LxVpXWpcu8xxZHVWgzr8bonyQ9oG-E7tNuk8tWUek94UvdOurxPL87K7fweVev3Wjopj9EBgj5wFSxCw5AcDJngMJlkUdl4csoUTs0tFAHPIFIwIo3p_AOUuOFM:1mwJca:zTLmD2B458mr5By7m3NDP-bealxYoZVC0m7VUIcu8jg", "expire_date": "2021-12-26T07:50:12.544"}}, {"model": "sessions.session", "pk": "uxhbujv2k3le5dbrdwcsatyjwyqc2a7w", "fields": {"session_data": ".eJxVjEEOwiAQRe_C2hDqADIu3XsGMjCDVA1NSrsy3l2bdKHb_977LxVpXWpcu8xxZHVWgzr8bonyQ9oG-E7tNuk8tWUek94UvdOurxPL87K7fweVev3Wjopj9EBgj5wFSxCw5AcDJngMJlkUdl4csoUTs0tFAHPIFIwIo3p_AOUuOFM:1n28Rg:A7FstmaOeGA-c-bOu_D6o6f8szsjgfQpvshxEDCetew", "expire_date": "2022-01-11T09:07:00.177"}}, {"model": "basket.basket", "pk": 1, "fields": {"owner": 4, "created_date": "2021-12-28T08:43:45.424", "order_date": "2021-12-28T08:43:45.424", "status": "live", "address": null, "price": null}}, {"model": "basket.basket", "pk": 2, "fields": {"owner": 1, "created_date": "2021-12-28T09:10:56.270", "order_date": "2021-12-28T09:10:56.270", "status": "live", "address": null, "price": null}}, {"model": "basket.basketitem", "pk": 1, "fields": {"product": 1, "quantity": 1, "basket": 1, "added_date": "2021-12-28T08:43:45.493"}}, {"model": "basket.basketitem", "pk": 7, "fields": {"product": 4, "quantity": 1, "basket": 2, "added_date": "2021-12-28T09:10:56.353"}}, {"model": "commentandlike.products_likes", "pk": 6, "fields": {"customer": null, "created_on": "2021-12-27T11:05:38.894", "writer": 1, "products": 1}}, {"model": "commentandlike.products_likes", "pk": 9, "fields": {"customer": null, "created_on": "2021-12-27T23:07:01.614", "writer": 4, "products": 2}}, {"model": "commentandlike.products_comments", "pk": 1, "fields": {"customer": 7, "created_on": "2021-12-27T09:22:04.038", "writer": 1, "body": "ssss2", "products": 1, "title": "khobe", "parent": null}}, {"model": "commentandlike.products_comments", "pk": 3, "fields": {"customer": 7, "created_on": "2021-12-27T09:23:07.422", "writer": 1, "body": "s3", "products": 1, "title": "s3", "parent": null}}, {"model": "commentandlike.products_comments", "pk": 4, "fields": {"customer": 7, "created_on": "2021-12-27T10:13:58.813", "writer": 1, "body": "jjj", "products": 3, "title": "salam", "parent": null}}, {"model": "commentandlike.products_comments", "pk": 6, "fields": {"customer": 7, "created_on": "2021-12-27T22:08:10.462", "writer": 1, "body": "44", "products": 2, "title": "sssss", "parent": null}}, {"model": "commentandlike.products_comments", "pk": 7, "fields": {"customer": 5, "created_on": "2021-12-27T22:50:26.500", "writer": 4, "body": "  ", "products": 1, "title": "", "parent": null}}, {"model": "commentandlike.products_comments", "pk": 8, "fields": {"customer": 5, "created_on": "2021-12-27T23:01:25.442", "writer": 4, "body": "baaad", "products": 1, "title": "in bade", "parent": 7}}, {"model": "commentandlike.products_comments", "pk": 9, "fields": {"customer": 5, "created_on": "2021-12-27T23:05:02.746", "writer": 4, "body": "bad4444", "products": 1, "title": "baad", "parent": 7}}, {"model": "commentandlike.post_likes", "pk": 14, "fields": {"customer": null, "created_on": "2021-12-03T18:28:08.348", "writer": 1, "post": 14}}, {"model": "commentandlike.post_likes", "pk": 44, "fields": {"customer": null, "created_on": "2021-12-05T07:55:29.070", "writer": 1, "post": 37}}, {"model": "commentandlike.post_likes", "pk": 47, "fields": {"customer": null, "created_on": "2021-12-06T07:32:43.011", "writer": 22, "post": 37}}, {"model": "commentandlike.post_likes", "pk": 57, "fields": {"customer": null, "created_on": "2021-12-06T17:42:35.295", "writer": 4, "post": 37}}, {"model": "commentandlike.post_likes", "pk": 58, "fields": {"customer": null, "created_on": "2021-12-06T18:09:09.313", "writer": 4, "post": 6}}, {"model": "commentandlike.post_likes", "pk": 89, "fields": {"customer": null, "created_on": "2021-12-21T06:39:58.771", "writer": 1, "post": 211}}, {"model": "commentandlike.post_likes", "pk": 91, "fields": {"customer": null, "created_on": "2021-12-30T15:30:52.502", "writer": 1, "post": 215}}, {"model": "commentandlike.post_comments", "pk": 2, "fields": {"customer": 1, "created_on": "2021-11-23T06:35:02.305", "writer": null, "body": "kheyli eftezah bood", "title": null, "post": 1, "parent": null}}, {"model": "commentandlike.post_comments", "pk": 3, "fields": {"customer": 2, "created_on": "2021-11-24T19:07:50.269", "writer": null, "body": "aaawli", "title": null, "post": 1, "parent": null}}, {"model": "commentandlike.post_comments", "pk": 4, "fields": {"customer": 1, "created_on": "2021-11-28T07:40:18.750", "writer": null, "body": "aaawli28nov", "title": "28nov", "post": 1, "parent": null}}, {"model": "commentandlike.post_comments", "pk": 5, "fields": {"customer": 1, "created_on": "2021-11-28T07:54:00.344", "writer": null, "body": "28nov", "title": "salamemro28nov", "post": 1, "parent": null}}, {"model": "commentandlike.post_comments", "pk": 6, "fields": {"customer": 1, "created_on": "2021-11-28T08:15:58.050", "writer": null, "body": "salam bar shoma jjjj", "title": "jele", "post": 1, "parent": null}}, {"model": "commentandlike.post_comments", "pk": 7, "fields": {"customer": 1, "created_on": "2021-11-28T08:17:40.825", "writer": null, "body": "mj rappere", "title": "mj rappere", "post": 1, "parent": null}}, {"model": "commentandlike.post_comments", "pk": 8, "fields": {"customer": 1, "created_on": "2021-11-28T08:20:11.195", "writer": null, "body": "reza pishro", "title": "reza pishro", "post": 1, "parent": null}}, {"model": "commentandlike.post_comments", "pk": 9, "fields": {"customer": 1, "created_on": "2021-11-28T08:20:15.028", "writer": null, "body": "reza pishro", "title": "reza pishro", "post": 1, "parent": null}}, {"model": "commentandlike.post_comments", "pk": 10, "fields": {"customer": 4, "created_on": "2021-11-28T08:21:14.249", "writer": null, "body": "sssss", "title": "ssssss", "post": 1, "parent": null}}, {"model": "commentandlike.post_comments", "pk": 11, "fields": {"customer": 1, "created_on": "2021-11-28T08:26:16.705", "writer": null, "body": "makkkkk", "title": "makkkkk", "post": 1, "parent": null}}, {"model": "commentandlike.post_comments", "pk": 12, "fields": {"customer": 1, "created_on": "2021-11-28T08:27:29.721", "writer": null, "body": "javan", "title": "javan", "post": 1, "parent": null}}, {"model": "commentandlike.post_comments", "pk": 13, "fields": {"customer": 1, "created_on": "2021-11-28T08:31:09.264", "writer": null, "body": "jjkii", "title": "iokio", "post": 1, "parent": null}}, {"model": "commentandlike.post_comments", "pk": 14, "fields": {"customer": 1, "created_on": "2021-11-28T08:31:12.317", "writer": null, "body": "jjkii", "title": "iokio", "post": 1, "parent": null}}, {"model": "commentandlike.post_comments", "pk": 15, "fields": {"customer": 1, "created_on": "2021-11-28T08:32:06.221", "writer": null, "body": "kkjjjkii", "title": "jujiikk", "post": 1, "parent": null}}, {"model": "commentandlike.post_comments", "pk": 16, "fields": {"customer": 4, "created_on": "2021-11-28T08:35:23.943", "writer": null, "body": "jjpishro", "title": "jjpishro", "post": 1, "parent": null}}, {"model": "commentandlike.post_comments", "pk": 17, "fields": {"customer": 4, "created_on": "2021-11-28T08:36:22.916", "writer": null, "body": "sssjkm", "title": "sssjkm", "post": 1, "parent": null}}, {"model": "commentandlike.post_comments", "pk": 18, "fields": {"customer": 4, "created_on": "2021-11-28T08:43:44.081", "writer": null, "body": "kkkkk", "title": "kkkkk", "post": 1, "parent": null}}, {"model": "commentandlike.post_comments", "pk": 19, "fields": {"customer": 4, "created_on": "2021-11-28T08:56:48.052", "writer": null, "body": "tataloo", "title": "tataloo", "post": 1, "parent": null}}, {"model": "commentandlike.post_comments", "pk": 20, "fields": {"customer": 4, "created_on": "2021-11-28T08:58:22.090", "writer": null, "body": "ttttttt", "title": "tttttt", "post": 1, "parent": null}}, {"model": "commentandlike.post_comments", "pk": 21, "fields": {"customer": 4, "created_on": "2021-11-28T08:59:01.270", "writer": null, "body": "iiiiiiii", "title": "iiiiiii", "post": 1, "parent": null}}, {"model": "commentandlike.post_comments", "pk": 22, "fields": {"customer": 4, "created_on": "2021-11-28T08:59:16.335", "writer": null, "body": "iiiiiiiij", "title": "iiiiiiij", "post": 1, "parent": null}}, {"model": "commentandlike.post_comments", "pk": 23, "fields": {"customer": 4, "created_on": "2021-11-28T08:59:35.704", "writer": null, "body": "kkkkkkk", "title": "kkkkk", "post": 1, "parent": null}}, {"model": "commentandlike.post_comments", "pk": 24, "fields": {"customer": 4, "created_on": "2021-11-28T08:59:38.924", "writer": null, "body": "kkkkkkk", "title": "kkkkk", "post": 1, "parent": null}}, {"model": "commentandlike.post_comments", "pk": 25, "fields": {"customer": 4, "created_on": "2021-11-28T09:05:07.215", "writer": null, "body": "salam", "title": "salam", "post": 1, "parent": null}}, {"model": "commentandlike.post_comments", "pk": 26, "fields": {"customer": 4, "created_on": "2021-11-28T09:05:39.695", "writer": null, "body": "hjjhhggg", "title": "ghjhhg", "post": 1, "parent": null}}, {"model": "commentandlike.post_comments", "pk": 27, "fields": {"customer": 4, "created_on": "2021-11-28T09:05:42.083", "writer": null, "body": "hjjhhggg", "title": "ghjhhg", "post": 1, "parent": null}}, {"model": "commentandlike.post_comments", "pk": 28, "fields": {"customer": 4, "created_on": "2021-11-28T09:08:00.424", "writer": null, "body": "salaaaaam", "title": "salam", "post": 1, "parent": null}}, {"model": "commentandlike.post_comments", "pk": 29, "fields": {"customer": 4, "created_on": "2021-11-28T09:10:30.260", "writer": null, "body": "ghfghh", "title": "gfdyy", "post": 1, "parent": null}}, {"model": "commentandlike.post_comments", "pk": 30, "fields": {"customer": 4, "created_on": "2021-11-28T09:14:07.807", "writer": null, "body": "tataloo", "title": "tataloo", "post": 1, "parent": null}}, {"model": "commentandlike.post_comments", "pk": 31, "fields": {"customer": 4, "created_on": "2021-11-28T09:17:57.488", "writer": null, "body": "jjj", "title": "jjj", "post": 1, "parent": null}}, {"model": "commentandlike.post_comments", "pk": 32, "fields": {"customer": 4, "created_on": "2021-11-28T09:21:52.828", "writer": null, "body": "uikjh", "title": "uikj", "post": 2, "parent": null}}, {"model": "commentandlike.post_comments", "pk": 33, "fields": {"customer": 4, "created_on": "2021-11-28T09:22:20.368", "writer": null, "body": "yuikjhj", "title": "iujkh", "post": 2, "parent": null}}, {"model": "commentandlike.post_comments", "pk": 34, "fields": {"customer": 4, "created_on": "2021-11-28T09:33:10.507", "writer": null, "body": "pashmak", "title": "pashmak", "post": 2, "parent": null}}, {"model": "commentandlike.post_comments", "pk": 35, "fields": {"customer": 4, "created_on": "2021-11-28T09:33:36.209", "writer": null, "body": "pashmak", "title": "pashmak", "post": 2, "parent": null}}, {"model": "commentandlike.post_comments", "pk": 36, "fields": {"customer": 4, "created_on": "2021-11-28T09:33:51.840", "writer": null, "body": "pashmak", "title": "pashmak", "post": 2, "parent": null}}, {"model": "commentandlike.post_comments", "pk": 37, "fields": {"customer": 4, "created_on": "2021-11-28T09:34:59.520", "writer": null, "body": "pashmak", "title": "pashmak", "post": 2, "parent": null}}, {"model": "commentandlike.post_comments", "pk": 38, "fields": {"customer": 4, "created_on": "2021-11-28T09:35:02.279", "writer": null, "body": "pashmak", "title": "pashmak", "post": 2, "parent": null}}, {"model": "commentandlike.post_comments", "pk": 39, "fields": {"customer": 4, "created_on": "2021-11-28T09:35:34.827", "writer": null, "body": "pashmak", "title": "pashmak", "post": 2, "parent": null}}, {"model": "commentandlike.post_comments", "pk": 40, "fields": {"customer": 4, "created_on": "2021-11-28T09:35:47.821", "writer": null, "body": "sal", "title": "sal", "post": 2, "parent": null}}, {"model": "commentandlike.post_comments", "pk": 41, "fields": {"customer": 4, "created_on": "2021-11-28T09:36:05.878", "writer": null, "body": "sal", "title": "sal", "post": 4, "parent": null}}, {"model": "commentandlike.post_comments", "pk": 42, "fields": {"customer": 4, "created_on": "2021-11-28T09:47:19.906", "writer": null, "body": "jj", "title": "jj", "post": 2, "parent": null}}, {"model": "commentandlike.post_comments", "pk": 43, "fields": {"customer": 4, "created_on": "2021-11-28T10:46:28.275", "writer": null, "body": "", "title": "", "post": 3, "parent": null}}, {"model": "commentandlike.post_comments", "pk": 49, "fields": {"customer": 4, "created_on": "2021-12-02T08:05:14.209", "writer": null, "body": "fffff", "title": "ffff", "post": 22, "parent": null}}, {"model": "commentandlike.post_comments", "pk": 50, "fields": {"customer": 4, "created_on": "2021-12-02T14:57:53.742", "writer": null, "body": "jjjjj", "title": "jjj", "post": 36, "parent": null}}, {"model": "commentandlike.post_comments", "pk": 51, "fields": {"customer": 4, "created_on": "2021-12-02T16:07:28.697", "writer": null, "body": "slm", "title": "slm", "post": 29, "parent": null}}, {"model": "commentandlike.post_comments", "pk": 52, "fields": {"customer": 4, "created_on": "2021-12-02T16:08:38.108", "writer": 1, "body": "slm", "title": "slm", "post": 29, "parent": null}}, {"model": "commentandlike.post_comments", "pk": 53, "fields": {"customer": 4, "created_on": "2021-12-02T16:08:40.472", "writer": 1, "body": "slm", "title": "slm", "post": 29, "parent": null}}, {"model": "commentandlike.post_comments", "pk": 54, "fields": {"customer": 4, "created_on": "2021-12-02T16:08:44.333", "writer": 1, "body": "slmm", "title": "slmm", "post": 29, "parent": null}}, {"model": "commentandlike.post_comments", "pk": 55, "fields": {"customer": 4, "created_on": "2021-12-02T19:09:55.879", "writer": 1, "body": "sss", "title": "salam", "post": 1, "parent": null}}, {"model": "commentandlike.post_comments", "pk": 56, "fields": {"customer": 4, "created_on": "2021-12-02T19:14:44.273", "writer": 1, "body": "sss", "title": "salam", "post": 1, "parent": null}}, {"model": "commentandlike.post_comments", "pk": 57, "fields": {"customer": 4, "created_on": "2021-12-02T19:15:22.859", "writer": 1, "body": "sss", "title": "salam", "post": 1, "parent": null}}, {"model": "commentandlike.post_comments", "pk": 58, "fields": {"customer": 4, "created_on": "2021-12-02T19:15:35.320", "writer": 1, "body": "sss", "title": "salam", "post": 1, "parent": null}}, {"model": "commentandlike.post_comments", "pk": 59, "fields": {"customer": 4, "created_on": "2021-12-02T19:16:20.289", "writer": 1, "body": "sss", "title": "salam", "post": 1, "parent": null}}, {"model": "commentandlike.post_comments", "pk": 60, "fields": {"customer": 4, "created_on": "2021-12-02T19:17:04.294", "writer": 1, "body": "baaax", "title": "salam", "post": 34, "parent": null}}, {"model": "commentandlike.post_comments", "pk": 101, "fields": {"customer": 4, "created_on": "2021-12-03T19:40:54.567", "writer": 1, "body": "hjjj", "title": "hjjj", "post": 1, "parent": null}}, {"model": "commentandlike.post_comments", "pk": 102, "fields": {"customer": 4, "created_on": "2021-12-03T19:42:01.559", "writer": 1, "body": "hjjj 2", "title": "hjjj 2", "post": 1, "parent": null}}, {"model": "commentandlike.post_comments", "pk": 105, "fields": {"customer": 4, "created_on": "2021-12-03T20:00:39.649", "writer": 1, "body": "sssss", "title": "salam", "post": 38, "parent": null}}, {"model": "commentandlike.post_comments", "pk": 106, "fields": {"customer": 4, "created_on": "2021-12-03T20:01:09.716", "writer": 1, "body": "sssss", "title": "salam", "post": 38, "parent": null}}, {"model": "commentandlike.post_comments", "pk": 107, "fields": {"customer": 4, "created_on": "2021-12-03T20:10:32.238", "writer": 1, "body": "sssss", "title": "salam", "post": 38, "parent": null}}, {"model": "commentandlike.post_comments", "pk": 117, "fields": {"customer": 4, "created_on": "2021-12-03T21:11:48.537", "writer": null, "body": "gggg2", "title": "gggg2", "post": 2, "parent": null}}, {"model": "commentandlike.post_comments", "pk": 120, "fields": {"customer": 4, "created_on": "2021-12-03T21:12:57.475", "writer": null, "body": "gggg 22", "title": "gggg 22", "post": 2, "parent": null}}, {"model": "commentandlike.post_comments", "pk": 121, "fields": {"customer": 4, "created_on": "2021-12-05T07:05:16.001", "writer": 1, "body": "salam 22", "title": "salam bar daneshjoo 22", "post": 38, "parent": null}}, {"model": "commentandlike.post_comments", "pk": 122, "fields": {"customer": 4, "created_on": "2021-12-05T07:09:12.387", "writer": 1, "body": "", "title": "", "post": 37, "parent": null}}, {"model": "commentandlike.post_comments", "pk": 123, "fields": {"customer": 7, "created_on": "2021-12-05T07:15:45.925", "writer": 1, "body": "", "title": "", "post": 37, "parent": null}}, {"model": "commentandlike.post_comments", "pk": 125, "fields": {"customer": 8, "created_on": "2021-12-05T07:57:40.996", "writer": 22, "body": "slllll", "title": "slllll", "post": 29, "parent": null}}, {"model": "commentandlike.post_comments", "pk": 126, "fields": {"customer": 8, "created_on": "2021-12-05T07:59:34.705", "writer": 22, "body": "slllll 2", "title": "slllll 2", "post": 29, "parent": null}}, {"model": "commentandlike.post_comments", "pk": 129, "fields": {"customer": 5, "created_on": "2021-12-06T13:42:20.885", "writer": 4, "body": "  ", "title": "  ", "post": 37, "parent": null}}, {"model": "commentandlike.post_comments", "pk": 131, "fields": {"customer": 5, "created_on": "2021-12-06T14:58:25.937", "writer": 4, "body": "hhhh", "title": "hhhh", "post": 38, "parent": null}}, {"model": "commentandlike.post_comments", "pk": 132, "fields": {"customer": 5, "created_on": "2021-12-06T14:59:09.467", "writer": 4, "body": "hhhh 2", "title": "hhhh 2", "post": 38, "parent": null}}, {"model": "commentandlike.post_comments", "pk": 133, "fields": {"customer": 5, "created_on": "2021-12-06T15:01:12.552", "writer": 4, "body": "hhhh 3", "title": "hhhh 3", "post": 38, "parent": null}}, {"model": "commentandlike.post_comments", "pk": 134, "fields": {"customer": 5, "created_on": "2021-12-06T15:02:22.927", "writer": 4, "body": "hhhh 5", "title": "hhhh 5", "post": 38, "parent": null}}, {"model": "commentandlike.post_comments", "pk": 135, "fields": {"customer": 5, "created_on": "2021-12-06T15:02:57.301", "writer": 4, "body": "hhhh 5", "title": "hhhh 5", "post": 38, "parent": null}}, {"model": "commentandlike.post_comments", "pk": 136, "fields": {"customer": 5, "created_on": "2021-12-06T15:03:43.089", "writer": 4, "body": "hhhh 10", "title": "hhhh 10", "post": 38, "parent": null}}, {"model": "commentandlike.post_comments", "pk": 137, "fields": {"customer": 5, "created_on": "2021-12-06T15:05:04.022", "writer": 4, "body": "hhhh 10", "title": "hhhh 10", "post": 38, "parent": null}}, {"model": "commentandlike.post_comments", "pk": 138, "fields": {"customer": 5, "created_on": "2021-12-06T16:38:09.605", "writer": 4, "body": "khobi", "title": "salam", "post": 38, "parent": null}}, {"model": "commentandlike.post_comments", "pk": 139, "fields": {"customer": 5, "created_on": "2021-12-06T17:42:35.206", "writer": 4, "body": "ssss", "title": "ssss", "post": 37, "parent": null}}, {"model": "commentandlike.post_comments", "pk": 140, "fields": {"customer": 5, "created_on": "2021-12-06T18:09:09.221", "writer": 4, "body": "fff", "title": "salll", "post": 6, "parent": null}}, {"model": "commentandlike.post_comments", "pk": 141, "fields": {"customer": 5, "created_on": "2021-12-07T05:35:33.424", "writer": 4, "body": "bax 22 555", "title": "salam 22555", "post": 32, "parent": null}}, {"model": "commentandlike.post_comments", "pk": 143, "fields": {"customer": 5, "created_on": "2021-12-07T05:51:50.443", "writer": 4, "body": "sss", "title": "salam", "post": 32, "parent": null}}, {"model": "commentandlike.post_comments", "pk": 149, "fields": {"customer": 5, "created_on": "2021-12-07T06:22:31.984", "writer": 4, "body": "salam", "title": "salam bar maktabs", "post": 34, "parent": 60}}, {"model": "commentandlike.post_comments", "pk": 152, "fields": {"customer": 7, "created_on": "2021-12-07T17:20:28.761", "writer": 1, "body": "emamian", "title": "emamian", "post": 38, "parent": null}}, {"model": "commentandlike.post_comments", "pk": 153, "fields": {"customer": 7, "created_on": "2021-12-07T17:21:28.205", "writer": 1, "body": "sepah", "title": "sepahbodi", "post": 38, "parent": null}}, {"model": "commentandlike.post_comments", "pk": 157, "fields": {"customer": 7, "created_on": "2021-12-09T13:58:08.050", "writer": 1, "body": "", "title": "", "post": 206, "parent": null}}, {"model": "commentandlike.post_comments", "pk": 158, "fields": {"customer": 7, "created_on": "2021-12-09T14:01:55.226", "writer": 1, "body": "sss", "title": "sss", "post": 206, "parent": null}}, {"model": "commentandlike.post_comments", "pk": 159, "fields": {"customer": 7, "created_on": "2021-12-09T14:02:02.637", "writer": 1, "body": "sss 2", "title": "sss 2", "post": 206, "parent": null}}, {"model": "commentandlike.post_comments", "pk": 160, "fields": {"customer": 7, "created_on": "2021-12-09T18:48:11.872", "writer": 1, "body": "ggg", "title": "ggg", "post": 205, "parent": null}}, {"model": "commentandlike.post_comments", "pk": 161, "fields": {"customer": 7, "created_on": "2021-12-09T19:00:35.770", "writer": 1, "body": "sds", "title": "sds", "post": 205, "parent": 160}}, {"model": "commentandlike.post_comments", "pk": 162, "fields": {"customer": 7, "created_on": "2021-12-09T19:26:02.274", "writer": 1, "body": "hhh", "title": "hhh", "post": 205, "parent": null}}, {"model": "commentandlike.post_comments", "pk": 163, "fields": {"customer": 7, "created_on": "2021-12-09T19:27:37.534", "writer": 1, "body": "hh 2", "title": "hh 2", "post": 205, "parent": null}}, {"model": "commentandlike.post_comments", "pk": 165, "fields": {"customer": 7, "created_on": "2021-12-14T06:49:13.678", "writer": 1, "body": "google 22", "title": "salam", "post": 208, "parent": null}}, {"model": "commentandlike.post_comments", "pk": 166, "fields": {"customer": 5, "created_on": "2021-12-14T15:10:00.034", "writer": 4, "body": "maktab 2", "title": "salam", "post": 209, "parent": null}}, {"model": "commentandlike.post_comments", "pk": 167, "fields": {"customer": 5, "created_on": "2021-12-14T15:10:27.605", "writer": 4, "body": "sss", "title": "ss", "post": 209, "parent": 166}}, {"model": "commentandlike.post_comments", "pk": 168, "fields": {"customer": 9, "created_on": "2021-12-14T18:02:45.071", "writer": 23, "body": "salammmm", "title": "23 azarrrr", "post": 208, "parent": null}}, {"model": "commentandlike.post_comments", "pk": 169, "fields": {"customer": 9, "created_on": "2021-12-14T18:03:55.122", "writer": 23, "body": "salammmm", "title": "23 azarrrr", "post": 208, "parent": null}}, {"model": "commentandlike.post_comments", "pk": 170, "fields": {"customer": 9, "created_on": "2021-12-14T18:04:11.925", "writer": 23, "body": "salammmm", "title": "23 azarrrr", "post": 208, "parent": null}}, {"model": "commentandlike.post_comments", "pk": 171, "fields": {"customer": 9, "created_on": "2021-12-17T12:17:56.968", "writer": 23, "body": "ddf", "title": "ddf", "post": 29, "parent": 126}}, {"model": "commentandlike.post_comments", "pk": 172, "fields": {"customer": 7, "created_on": "2021-12-19T06:57:44.166", "writer": 1, "body": "bax in matlab vaghan mozakhrafe", "title": "slm", "post": 211, "parent": null}}, {"model": "commentandlike.post_comments", "pk": 173, "fields": {"customer": 7, "created_on": "2021-12-19T07:42:32.881", "writer": 1, "body": "be hame gol", "title": "salam", "post": 211, "parent": null}}, {"model": "commentandlike.post_comments", "pk": 174, "fields": {"customer": 7, "created_on": "2021-12-19T08:28:33.946", "writer": 1, "body": "tj", "title": "xxb2", "post": 211, "parent": null}}, {"model": "commentandlike.post_comments", "pk": 175, "fields": {"customer": 5, "created_on": "2021-12-21T15:07:17.832", "writer": 4, "body": "sss", "title": "sss", "post": 212, "parent": null}}, {"model": "commentandlike.post_comment_likes", "pk": 21, "fields": {"customer": 5, "created_on": "2021-12-27T23:05:14.531", "writer": 4, "comments": 7}}, {"model": "commentandlike.sendmessage", "pk": 1, "fields": {"writer": 23, "created_on": "2021-12-07T14:48:14.057", "reciever": 1, "body": "reza", "title": "salam"}}, {"model": "commentandlike.sendmessage", "pk": 3, "fields": {"writer": 1, "created_on": "2021-12-07T16:07:30.764", "reciever": 23, "body": "bye", "title": "khodafez"}}, {"model": "commentandlike.sendmessage", "pk": 4, "fields": {"writer": 23, "created_on": "2021-12-19T06:50:10.878", "reciever": 1, "body": "salam be hame baxx", "title": "salam be bax"}}, {"model": "commentandlike.sendmessage", "pk": 5, "fields": {"writer": 1, "created_on": "2021-12-21T06:55:33.070", "reciever": 23, "body": "  ", "title": " "}}, {"model": "commentandlike.userconnections", "pk": 40, "fields": {"following": 1, "created_on": "2021-12-14T06:27:45.595", "follower": 23}}, {"model": "commentandlike.userconnections", "pk": 41, "fields": {"following": 4, "created_on": "2021-12-14T15:11:29.850", "follower": 22}}, {"model": "commentandlike.userconnections", "pk": 42, "fields": {"following": 23, "created_on": "2021-12-17T12:16:28.388", "follower": 1}}, {"model": "commentandlike.userconnections", "pk": 43, "fields": {"following": 23, "created_on": "2021-12-18T20:09:26.005", "follower": 4}}, {"model": "commentandlike.userconnections", "pk": 64, "fields": {"following": 4, "created_on": "2021-12-27T23:05:14.442", "follower": 4}}, {"model": "customer.customer", "pk": 1, "fields": {"first_name": "Reza", "last_name": "Almassi", "user_name": "Rezacs", "desc": "i am Student at Islamic Azad University", "phone": 9128203450, "image": "", "gender": "mal", "theme": null, "date_joined": "2021-11-10T14:08:22.015", "email": "ralmassizx@gmail.com", "birthday": "2021-08-04"}}, {"model": "customer.customer", "pk": 2, "fields": {"first_name": "Ali", "last_name": "Akbari", "user_name": "Akkk", "desc": "akbari", "phone": 67899, "image": "", "gender": "mal", "theme": null, "date_joined": "2021-11-10T19:27:06.156", "email": "ralmassizx@gmail.com", "birthday": "2021-11-10"}}, {"model": "customer.customer", "pk": 3, "fields": {"first_name": "Ali", "last_name": "jjjjj", "user_name": "Alizcg", "desc": "salam", "phone": 5667, "image": "", "gender": "mal", "theme": null, "date_joined": "2021-11-12T12:19:23.765", "email": "ralmassizx@gmail.com", "birthday": "2021-11-12"}}, {"model": "customer.customer", "pk": 4, "fields": {"first_name": "Anonymous", "last_name": "Anonymous", "user_name": "Anonymous", "desc": "Anonymous", "phone": 123, "image": "", "gender": "not", "theme": null, "date_joined": "2021-11-28T08:08:10.630", "email": "ralmassizx@gmail.com", "birthday": "2021-11-28"}}, {"model": "customer.customer", "pk": 5, "fields": {"first_name": "alll", "last_name": null, "user_name": "ali", "desc": "salam bar maktabi haye aziz gol", "phone": 55555, "image": "uploads/HW15.png", "gender": null, "theme": null, "date_joined": "2021-12-05T05:48:51.599", "email": "ali3@gmail.com", "birthday": null}}, {"model": "customer.customer", "pk": 6, "fields": {"first_name": null, "last_name": null, "user_name": "ali2", "desc": "", "phone": null, "image": "", "gender": null, "theme": null, "date_joined": "2021-12-05T05:49:04.154", "email": "aliz@gmail.com", "birthday": null}}, {"model": "customer.customer", "pk": 7, "fields": {"first_name": "Reza", "last_name": "Akbari", "user_name": "rezalinux", "desc": "salam man daneshjoo term 5 reshte ce am fan of barca forever ! jj", "phone": 666666, "image": "uploads/screen18mehr.png", "gender": null, "theme": null, "date_joined": "2021-12-05T05:49:22.438", "email": "ralmassizx@gmail.com", "birthday": null}}, {"model": "customer.customer", "pk": 8, "fields": {"first_name": null, "last_name": null, "user_name": "ali3", "desc": "", "phone": null, "image": "", "gender": null, "theme": null, "date_joined": "2021-12-05T07:55:57.132", "email": "ralmassizx@gmail.com", "birthday": null}}, {"model": "customer.customer", "pk": 9, "fields": {"first_name": null, "last_name": null, "user_name": "mojdeh7", "desc": "salam be hame aziiiizaaaaan", "phone": null, "image": "", "gender": "fem", "theme": null, "date_joined": "2021-12-07T07:40:28.817", "email": "mojdeh@live.se", "birthday": null}}, {"model": "customer.payment", "pk": 1, "fields": {"amount": 200000, "date": "2021-11-10T19:27:34.944", "customer": 2}}, {"model": "customer.payment", "pk": 2, "fields": {"amount": 10000, "date": "2021-11-12T12:32:54.445", "customer": 1}}, {"model": "customer.address", "pk": 2, "fields": {"customer": 7, "title": "salam 222", "country": "salam", "city": "salam", "street": null, "alley": null, "number": "salam", "zip": "salam", "desc": "", "created_on": "2021-12-27T22:01:45.209"}}, {"model": "customer.address", "pk": 3, "fields": {"customer": 5, "title": "khone", "country": "Iran", "city": "Tehran", "street": "daneshgah", "alley": "maktab", "number": "60", "zip": "6666", "desc": "", "created_on": "2021-12-27T23:06:19.078"}}, {"model": "grups.category", "pk": 1, "fields": {"name": "Technology Things", "created_on": "2021-11-20T20:06:35", "parent": null, "desc": null}}, {"model": "grups.category", "pk": 2, "fields": {"name": "Mobile", "created_on": "2021-11-20T20:06:44", "parent": 1, "desc": null}}, {"model": "grups.category", "pk": 3, "fields": {"name": "pooshaak sepahbodi", "created_on": "2021-11-20T20:06:59", "parent": null, "desc": ""}}, {"model": "grups.category", "pk": 4, "fields": {"name": "lebas bache", "created_on": "2021-11-20T20:07:09", "parent": 3, "desc": null}}, {"model": "grups.category", "pk": 5, "fields": {"name": "kafsh mardoone", "created_on": "2021-11-20T20:07:25", "parent": 3, "desc": null}}, {"model": "grups.category", "pk": 6, "fields": {"name": "katooni nike", "created_on": "2021-11-20T20:08:08", "parent": 5, "desc": null}}, {"model": "grups.category", "pk": 7, "fields": {"name": "lavazem khonegi", "created_on": "2021-11-20T20:08:21", "parent": null, "desc": null}}, {"model": "grups.category", "pk": 8, "fields": {"name": "yakhchal", "created_on": "2021-11-20T20:08:33", "parent": 7, "desc": null}}, {"model": "grups.category", "pk": 9, "fields": {"name": "pezeshki", "created_on": "2021-11-27T12:45:36", "parent": null, "desc": null}}, {"model": "grups.category", "pk": 10, "fields": {"name": "tataloo", "created_on": "2021-11-29T07:04:24", "parent": null, "desc": null}}, {"model": "grups.category", "pk": 11, "fields": {"name": "rezapishro", "created_on": "2021-11-29T11:45:55.060", "parent": null, "desc": null}}, {"model": "grups.category", "pk": 12, "fields": {"name": "sohmj", "created_on": "2021-11-29T11:47:58.385", "parent": null, "desc": null}}, {"model": "grups.category", "pk": 13, "fields": {"name": "sohmjj", "created_on": "2021-11-29T11:48:19.908", "parent": null, "desc": null}}, {"model": "grups.category", "pk": 22, "fields": {"name": "maktab 6122333999", "created_on": "2021-12-02T08:28:44.949", "parent": null, "desc": null}}, {"model": "grups.category", "pk": 26, "fields": {"name": "bjjj", "created_on": "2021-12-02T16:25:46.820", "parent": null, "desc": null}}, {"model": "grups.category", "pk": 27, "fields": {"name": "alan miam", "created_on": "2021-12-06T16:26:21.787", "parent": null, "desc": "alan miam"}}, {"model": "grups.tag", "pk": 1, "fields": {"name": "Apple", "desc": "apple things"}}, {"model": "grups.tag", "pk": 2, "fields": {"name": "corona", "desc": "corona"}}, {"model": "grups.tag", "pk": 3, "fields": {"name": "samsung", "desc": "mahsoolate samsung khoob"}}, {"model": "grups.tag", "pk": 4, "fields": {"name": "Doctor", "desc": "agi baraye docotr haye aziz"}}, {"model": "grups.tag", "pk": 5, "fields": {"name": "almassi", "desc": ""}}, {"model": "grups.tag", "pk": 12, "fields": {"name": "jjjjkkkk", "desc": "jkjk"}}, {"model": "grups.tag", "pk": 30, "fields": {"name": "maktab60", "desc": "maktab60"}}, {"model": "grups.tag", "pk": 35, "fields": {"name": "maktab 6000", "desc": "yt"}}, {"model": "grups.tag", "pk": 36, "fields": {"name": "mkkkk 333444", "desc": "mkkkk"}}, {"model": "products.shop", "pk": 1, "fields": {"status": "chek", "name": "baradarane mohammad", "owner": 1, "slug": "rezalinux-baradarane-mohammad2021-12-23-210904670893", "desc": null, "image": "", "customer": 7, "Address": "khiaboon azadi", "contact_number": "", "admin_description": "", "created_on": "2021-12-23T21:09:04.684", "category": [27, 26]}}, {"model": "products.shop", "pk": 2, "fields": {"status": "load", "name": "baradarane mohammad 3", "owner": 1, "slug": "rezalinux-baradarane-mohammad-22021-12-26-085437477581", "desc": null, "image": "uploads/4.png", "customer": 7, "Address": "", "contact_number": "", "admin_description": "", "created_on": "2021-12-26T08:54:37.570", "category": [26, 22]}}, {"model": "products.shop", "pk": 3, "fields": {"status": "chek", "name": "salam", "owner": 1, "slug": "rezalinux-salam2021-12-26-150338013792", "desc": null, "image": "", "customer": 7, "Address": "", "contact_number": "", "admin_description": "salam", "created_on": "2021-12-26T15:03:38.044", "category": [22]}}, {"model": "products.shop", "pk": 4, "fields": {"status": "load", "name": "sss", "owner": 4, "slug": "ali-shopsss2021-12-28-085156492714", "desc": "sss", "image": "", "customer": 5, "Address": "sss", "contact_number": "sss", "admin_description": null, "created_on": "2021-12-28T08:51:56.557", "category": []}}, {"model": "products.shop", "pk": 5, "fields": {"status": "chek", "name": "majoon foroshi", "owner": 4, "slug": "ali-shopmajoon-foroshi2021-12-28-085333345567", "desc": "majoone khoshmazze", "image": "", "customer": 5, "Address": "shariati", "contact_number": "22212221", "admin_description": "    ", "created_on": "2021-12-28T08:53:33.349", "category": []}}, {"model": "products.products", "pk": 1, "fields": {"name": "", "desc": "    ", "body": null, "quantity": 100, "size": "   ", "weight": " ", "shop": 3, "image": "uploads/Untitled-1-22_c9apRzJ.jpg", "price": 20000, "created_on": "2021-12-27T07:37:24.576", "shippment": "pos", "date_added": "2021-12-27T07:22:52.490", "slug": null, "tag": [], "category": []}}, {"model": "products.products", "pk": 2, "fields": {"name": "shokolat twix", "desc": "salam", "body": "shokolati az sarzamine eeeshq", "quantity": 100, "size": "30 * 40 * 50", "weight": "50 gr", "shop": 3, "image": "", "price": 23000, "created_on": "2021-12-27T07:39:28.579", "shippment": "pos", "date_added": "2021-12-27T07:39:28.579", "slug": "salam-shokolat-twix-407", "tag": [], "category": []}}, {"model": "products.products", "pk": 3, "fields": {"name": "Mobile", "desc": "iphone 15", "body": "gooshie apple", "quantity": 100, "size": "30 * 40 * 50", "weight": "1 kg", "shop": 2, "image": "", "price": 51000000, "created_on": "2021-12-27T10:13:34.309", "shippment": "pos", "date_added": "2021-12-27T10:13:34.309", "slug": "baradarane-mohammad-3-mobile-529", "tag": [36, 30], "category": [22, 13]}}, {"model": "products.products", "pk": 4, "fields": {"name": "laptop asus", "desc": "laptop", "body": "laptope khob", "quantity": 50, "size": "30 * 40 * 50", "weight": "2 kg", "shop": 5, "image": "", "price": 30000000, "created_on": "2021-12-28T08:58:44.056", "shippment": "pos", "date_added": "2021-12-28T08:58:44.056", "slug": "majoon-foroshi-laptop-asus", "tag": [], "category": []}}, {"model": "post.post", "pk": 1, "fields": {"title": "gooshie samsung galaxy s22", "body": "gooshie khobie", "shortdesc": "mobile barresi", "customer": 3, "created_on": "2021-11-23T05:29:38", "writer": null, "image": "", "slug": "alizcg-gooshie-samsung-galaxy-s22-342", "location_lat": null, "location_lng": null, "updated_on": "2021-11-28T06:47:54.532", "status": "PUB", "tag": [3, 1], "category": [2, 1]}}, {"model": "post.post", "pk": 2, "fields": {"title": "corona virusi vahshatnaak", "body": "viruse manhoose corona", "shortdesc": "coroooo", "customer": 1, "created_on": "2021-11-23T05:54:05", "writer": null, "image": "", "slug": "rezacs-corona-virusi-vahshatnaak-882", "location_lat": null, "location_lng": null, "updated_on": "2021-11-28T09:19:59.966", "status": "PUB", "tag": [2], "category": [1]}}, {"model": "post.post", "pk": 3, "fields": {"title": "goshi haye jadid mobile", "body": "gooshiaye jadid geroone", "shortdesc": "gerooni", "customer": 3, "created_on": "2021-11-24T19:06:36.721", "writer": null, "image": "", "slug": "goshi-haye-jadid-mobile", "location_lat": null, "location_lng": null, "updated_on": "2021-11-24T19:06:36.721", "status": "PUB", "tag": [3, 2], "category": [2, 1]}}, {"model": "post.post", "pk": 4, "fields": {"title": "poste jadid", "body": "corona khar ast", "shortdesc": "khar", "customer": 3, "created_on": "2021-11-25T15:15:55.795", "writer": null, "image": "", "slug": "poste-jadid", "location_lat": null, "location_lng": null, "updated_on": "2021-11-25T15:15:55.795", "status": "PUB", "tag": [2], "category": [8]}}, {"model": "post.post", "pk": 5, "fields": {"title": "Docctttr", "body": "doctora migan qors bokhor", "shortdesc": "ghors khordan", "customer": 2, "created_on": "2021-11-27T12:45:50.466", "writer": null, "image": "uploads/1334359678.jpg", "slug": "docctttr", "location_lat": null, "location_lng": null, "updated_on": "2021-11-27T12:45:50.472", "status": "PUB", "tag": [4], "category": [9]}}, {"model": "post.post", "pk": 6, "fields": {"title": "dandanpezeshkan", "body": "dandan pezeshk ha bad nistand", "shortdesc": "dandan", "customer": 3, "created_on": "2021-11-27T13:32:30.827", "writer": null, "image": "uploads/91ETkUV76gL.jpg", "slug": "dandanpezeshkanalizcg-9", "location_lat": null, "location_lng": null, "updated_on": "2021-11-27T13:35:50.441", "status": "PUB", "tag": [4], "category": [9]}}, {"model": "post.post", "pk": 8, "fields": {"title": "gooooshie s99", "body": "gooooshie s99", "shortdesc": "gooooshie s99", "customer": 1, "created_on": "2021-11-29T08:41:35.739", "writer": 4, "image": "", "slug": "rezacs-gooooshie-s99", "location_lat": null, "location_lng": null, "updated_on": "2021-11-29T08:41:35.739", "status": "PUB", "tag": [3, 1], "category": [2, 1]}}, {"model": "post.post", "pk": 9, "fields": {"title": "gooooshie s99", "body": "gooooshie s99", "shortdesc": "gooooshie s99", "customer": 1, "created_on": "2021-11-29T08:43:09.360", "writer": 4, "image": "", "slug": "rezacs-gooooshie-s99-305", "location_lat": null, "location_lng": null, "updated_on": "2021-11-29T08:43:09.360", "status": "PUB", "tag": [3, 1], "category": [2, 1]}}, {"model": "post.post", "pk": 10, "fields": {"title": "corona khatarnak", "body": "corona khatarnak", "shortdesc": "corona khatarnak", "customer": 3, "created_on": "2021-11-29T08:45:41.294", "writer": 4, "image": "", "slug": "alizcg-corona-khatarnak", "location_lat": null, "location_lng": null, "updated_on": "2021-11-29T08:45:41.294", "status": "PUB", "tag": [2], "category": [9]}}, {"model": "post.post", "pk": 12, "fields": {"title": "tataloo shab", "body": "tataloo shab", "shortdesc": "tataloo shab", "customer": 2, "created_on": "2021-11-29T21:33:55.597", "writer": 4, "image": "", "slug": "akkk-tataloo-shab", "location_lat": null, "location_lng": null, "updated_on": "2021-11-29T21:33:55.598", "status": "PUB", "tag": [12], "category": [10]}}, {"model": "post.post", "pk": 13, "fields": {"title": "sohrab", "body": "sohrab", "shortdesc": "sohrab", "customer": 2, "created_on": "2021-11-30T15:17:22.437", "writer": 4, "image": "", "slug": "akkk-sohrab", "location_lat": null, "location_lng": null, "updated_on": "2021-11-30T15:17:22.438", "status": "PUB", "tag": [12], "category": [12]}}, {"model": "post.post", "pk": 14, "fields": {"title": "10 azar shab", "body": "10 azar shab", "shortdesc": "10 azar shab", "customer": 4, "created_on": "2021-12-01T18:51:48.298", "writer": 4, "image": "", "slug": "anonymous-10-azar-shab", "location_lat": null, "location_lng": null, "updated_on": "2021-12-01T18:51:48.298", "status": "PUB", "tag": [3], "category": [2]}}, {"model": "post.post", "pk": 15, "fields": {"title": "tataloo 5shanbe", "body": "tataloo 5shanbe", "shortdesc": "tataloo 5shanbe", "customer": 3, "created_on": "2021-12-02T06:49:18.895", "writer": 4, "image": "", "slug": "alizcg-tataloo-5shanbe", "location_lat": null, "location_lng": null, "updated_on": "2021-12-02T06:49:18.895", "status": "PUB", "tag": [], "category": []}}, {"model": "post.post", "pk": 17, "fields": {"title": "galaxy s999", "body": "galaxy s999", "shortdesc": "galaxy s999", "customer": 3, "created_on": "2021-12-02T07:18:42.115", "writer": null, "image": "", "slug": "alizcg-galaxy-s999", "location_lat": null, "location_lng": null, "updated_on": "2021-12-02T07:18:42.115", "status": "PUB", "tag": [3], "category": [1]}}, {"model": "post.post", "pk": 18, "fields": {"title": "galaxy s999", "body": "galaxy s999", "shortdesc": "galaxy s999", "customer": 3, "created_on": "2021-12-02T07:19:23.845", "writer": null, "image": "", "slug": "alizcg-galaxy-s999-735", "location_lat": null, "location_lng": null, "updated_on": "2021-12-02T07:19:23.845", "status": "PUB", "tag": [3], "category": [1]}}, {"model": "post.post", "pk": 19, "fields": {"title": "maktab 6000", "body": "maktab 6000", "shortdesc": "maktab 6000", "customer": 2, "created_on": "2021-12-02T07:20:55.385", "writer": null, "image": "", "slug": "akkk-maktab-6000", "location_lat": null, "location_lng": null, "updated_on": "2021-12-02T07:20:55.385", "status": "PUB", "tag": [], "category": [1]}}, {"model": "post.post", "pk": 20, "fields": {"title": "sss7", "body": "sss7", "shortdesc": "sss7", "customer": 3, "created_on": "2021-12-02T07:41:50.429", "writer": null, "image": "", "slug": "alizcg-sss7", "location_lat": null, "location_lng": null, "updated_on": "2021-12-02T07:41:50.429", "status": "PUB", "tag": [], "category": [12]}}, {"model": "post.post", "pk": 21, "fields": {"title": "sdf", "body": "sdf", "shortdesc": "sdf", "customer": 3, "created_on": "2021-12-02T08:03:32.836", "writer": 4, "image": "", "slug": "alizcg-sdf", "location_lat": null, "location_lng": null, "updated_on": "2021-12-02T08:03:32.836", "status": "PUB", "tag": [], "category": []}}, {"model": "post.post", "pk": 22, "fields": {"title": "sdf", "body": "sdf", "shortdesc": "sdf", "customer": 3, "created_on": "2021-12-02T08:04:44.911", "writer": 4, "image": "", "slug": "alizcg-sdf-685", "location_lat": null, "location_lng": null, "updated_on": "2021-12-02T08:04:44.911", "status": "PUB", "tag": [], "category": []}}, {"model": "post.post", "pk": 23, "fields": {"title": "alannnnn", "body": "alannnnn", "shortdesc": "alannnnn", "customer": 2, "created_on": "2021-12-02T08:05:45.711", "writer": 4, "image": "", "slug": "akkk-alannnnn", "location_lat": null, "location_lng": null, "updated_on": "2021-12-02T08:05:45.711", "status": "PUB", "tag": [3], "category": [1]}}, {"model": "post.post", "pk": 24, "fields": {"title": "alannnnn3", "body": "alannnnn3", "shortdesc": "alannnnn3", "customer": 2, "created_on": "2021-12-02T08:11:57.412", "writer": null, "image": "", "slug": "akkk-alannnnn3", "location_lat": null, "location_lng": null, "updated_on": "2021-12-02T08:11:57.412", "status": "PUB", "tag": [], "category": [3, 2, 1]}}, {"model": "post.post", "pk": 25, "fields": {"title": "maktab", "body": "", "shortdesc": null, "customer": 2, "created_on": "2021-12-02T09:01:45.991", "writer": null, "image": "", "slug": "akkk-maktab", "location_lat": null, "location_lng": null, "updated_on": "2021-12-02T09:01:45.991", "status": "PUB", "tag": [], "category": []}}, {"model": "post.post", "pk": 26, "fields": {"title": "mac", "body": "", "shortdesc": null, "customer": 2, "created_on": "2021-12-02T09:08:57.155", "writer": null, "image": "", "slug": "akkk-mac", "location_lat": null, "location_lng": null, "updated_on": "2021-12-02T09:08:57.155", "status": "DRF", "tag": [36], "category": [1]}}, {"model": "post.post", "pk": 27, "fields": {"title": "maccc", "body": "", "shortdesc": null, "customer": 3, "created_on": "2021-12-02T09:10:20.083", "writer": null, "image": "", "slug": "alizcg-maccc", "location_lat": null, "location_lng": null, "updated_on": "2021-12-02T09:10:20.083", "status": "PUB", "tag": [30], "category": [2, 1]}}, {"model": "post.post", "pk": 28, "fields": {"title": "maccc2", "body": "", "shortdesc": null, "customer": 2, "created_on": "2021-12-02T09:18:10.189", "writer": null, "image": "", "slug": "akkk-maccc2", "location_lat": null, "location_lng": null, "updated_on": "2021-12-02T09:18:10.189", "status": "PUB", "tag": [3, 36], "category": [2, 1]}}, {"model": "post.post", "pk": 29, "fields": {"title": "gggg", "body": "gggg", "shortdesc": null, "customer": 3, "created_on": "2021-12-02T10:23:31.630", "writer": 4, "image": "", "slug": "alizcg-gggg", "location_lat": null, "location_lng": null, "updated_on": "2021-12-02T10:23:31.630", "status": "PUB", "tag": [3, 36], "category": [2, 1]}}, {"model": "post.post", "pk": 30, "fields": {"title": "gg2", "body": "", "shortdesc": "", "customer": 3, "created_on": "2021-12-02T10:25:37.924", "writer": null, "image": "", "slug": "alizcg-gg2", "location_lat": null, "location_lng": null, "updated_on": "2021-12-17T11:43:10.777", "status": "PUB", "tag": [3, 36, 30], "category": [2, 1]}}, {"model": "post.post", "pk": 31, "fields": {"title": "ggc2", "body": "", "shortdesc": null, "customer": 2, "created_on": "2021-12-02T10:31:21.354", "writer": null, "image": "", "slug": "akkk-ggc2", "location_lat": null, "location_lng": null, "updated_on": "2021-12-02T10:31:21.354", "status": "PUB", "tag": [3, 36], "category": [2, 1]}}, {"model": "post.post", "pk": 32, "fields": {"title": "ggc2", "body": "", "shortdesc": null, "customer": 2, "created_on": "2021-12-02T10:32:12.257", "writer": null, "image": "", "slug": "akkk-ggc2-33", "location_lat": null, "location_lng": null, "updated_on": "2021-12-02T10:32:12.258", "status": "PUB", "tag": [3, 36], "category": [2, 1]}}, {"model": "post.post", "pk": 34, "fields": {"title": "ostad linux", "body": "", "shortdesc": null, "customer": 1, "created_on": "2021-12-02T11:01:00.843", "writer": 1, "image": "", "slug": "rezacs-ostad-linux", "location_lat": null, "location_lng": null, "updated_on": "2021-12-02T11:01:00.843", "status": "PUB", "tag": [3, 36], "category": [2, 1]}}, {"model": "post.post", "pk": 36, "fields": {"title": "makkkk jjjj", "body": "", "shortdesc": null, "customer": 3, "created_on": "2021-12-02T14:11:52.405", "writer": 1, "image": "", "slug": "alizcg-makkkk", "location_lat": null, "location_lng": null, "updated_on": "2021-12-02T15:27:52.376", "status": "PUB", "tag": [3, 36], "category": [22, 13]}}, {"model": "post.post", "pk": 37, "fields": {"title": "salam maktab 23", "body": "", "shortdesc": null, "customer": 3, "created_on": "2021-12-02T15:28:33.886", "writer": 1, "image": "uploads/eng.png", "slug": "alizcg-salam-maktab-23", "location_lat": null, "location_lng": null, "updated_on": "2021-12-08T20:09:55.349", "status": "PUB", "tag": [3, 36], "category": [22, 13]}}, {"model": "post.post", "pk": 38, "fields": {"title": "sddddd 4", "body": "", "shortdesc": "", "customer": 3, "created_on": "2021-12-02T15:59:14.314", "writer": 1, "image": "uploads/diagram.png", "slug": "alizcg-sddddd2021-12-02-155914313655", "location_lat": null, "location_lng": null, "updated_on": "2021-12-12T13:27:29.021", "status": "PUB", "tag": [3, 36], "category": [22, 13]}}, {"model": "post.post", "pk": 202, "fields": {"title": "ddddd 22", "body": "", "shortdesc": null, "customer": 8, "created_on": "2021-12-06T08:17:13.652", "writer": 22, "image": "", "slug": "ali3-ddddd2021-12-06-081713651258", "location_lat": null, "location_lng": null, "updated_on": "2021-12-06T08:18:34.935", "status": "DRF", "tag": [3], "category": [22]}}, {"model": "post.post", "pk": 204, "fields": {"title": "khodafez", "body": "", "shortdesc": null, "customer": 5, "created_on": "2021-12-06T13:53:55.349", "writer": 4, "image": "", "slug": "ali-khodafez2021-12-06-135355326007", "location_lat": null, "location_lng": null, "updated_on": "2021-12-06T13:53:55.349", "status": "DRF", "tag": [30], "category": [13]}}, {"model": "post.post", "pk": 205, "fields": {"title": "17 azar", "body": "", "shortdesc": null, "customer": 7, "created_on": "2021-12-08T20:13:06.428", "writer": 1, "image": "uploads/30aban7.png", "slug": "rezalinux-17-azar2021-12-08-201306427966", "location_lat": null, "location_lng": null, "updated_on": "2021-12-08T20:15:19.083", "status": "PUB", "tag": [3, 36], "category": [27, 26]}}, {"model": "post.post", "pk": 206, "fields": {"title": "17 azar 2", "body": "", "shortdesc": null, "customer": 7, "created_on": "2021-12-08T20:15:43.575", "writer": 1, "image": "uploads/list_of_subjects.png", "slug": "rezalinux-17-azar-22021-12-08-201543574140", "location_lat": null, "location_lng": null, "updated_on": "2021-12-08T20:15:43.581", "status": "PUB", "tag": [36, 30], "category": [22, 13]}}, {"model": "post.post", "pk": 207, "fields": {"title": "sssss 2", "body": "sss", "shortdesc": null, "customer": 9, "created_on": "2021-12-12T07:02:30.029", "writer": 23, "image": "", "slug": "mojdeh7-sssss2021-12-12-070230013858", "location_lat": null, "location_lng": null, "updated_on": "2021-12-12T07:03:28.452", "status": "DRF", "tag": [3, 36], "category": [27, 26]}}, {"model": "post.post", "pk": 208, "fields": {"title": "23 azar", "body": "", "shortdesc": null, "customer": 7, "created_on": "2021-12-14T06:27:18.787", "writer": 1, "image": "", "slug": "rezalinux-23-azar2021-12-14-062718772558", "location_lat": null, "location_lng": null, "updated_on": "2021-12-14T06:27:18.787", "status": "PUB", "tag": [3, 36], "category": [27]}}, {"model": "post.post", "pk": 209, "fields": {"title": "fffff", "body": "ffffff", "shortdesc": "", "customer": 7, "created_on": "2021-12-14T12:33:52.960", "writer": 1, "image": "", "slug": "rezalinux-fffff2021-12-14-123352945158", "location_lat": null, "location_lng": null, "updated_on": "2021-12-14T12:33:52.960", "status": "PUB", "tag": [36], "category": [27]}}, {"model": "post.post", "pk": 210, "fields": {"title": "fffff", "body": "ffffff", "shortdesc": "", "customer": 7, "created_on": "2021-12-14T12:34:23.944", "writer": 1, "image": "", "slug": "rezalinux-fffff2021-12-14-123423943716-169", "location_lat": null, "location_lng": null, "updated_on": "2021-12-14T12:34:23.944", "status": "PUB", "tag": [36], "category": [27]}}, {"model": "post.post", "pk": 211, "fields": {"title": "fffff", "body": "ffffff", "shortdesc": "", "customer": 7, "created_on": "2021-12-14T12:34:49.681", "writer": 1, "image": "", "slug": "rezalinux-fffff2021-12-14-123449680448-130", "location_lat": null, "location_lng": null, "updated_on": "2021-12-14T12:34:49.681", "status": "PUB", "tag": [36], "category": [27]}}, {"model": "post.post", "pk": 212, "fields": {"title": "sepahbodi", "body": "", "shortdesc": null, "customer": 9, "created_on": "2021-12-17T11:43:55.211", "writer": 23, "image": "", "slug": "mojdeh7-sepahbodi2021-12-17-114355208164", "location_lat": null, "location_lng": null, "updated_on": "2021-12-17T11:45:42.094", "status": "PUB", "tag": [3], "category": [27]}}, {"model": "post.post", "pk": 213, "fields": {"title": "salam", "body": "khobi", "shortdesc": "", "customer": 7, "created_on": "2021-12-22T15:36:44.889", "writer": 1, "image": "", "slug": "rezalinux-salam2021-12-22-153644814410", "location_lat": null, "location_lng": null, "updated_on": "2021-12-22T15:36:44.889", "status": "PUB", "tag": [3, 36], "category": [27, 26]}}, {"model": "post.post", "pk": 214, "fields": {"title": "salam", "body": "khobi", "shortdesc": "", "customer": 7, "created_on": "2021-12-22T15:36:53.746", "writer": 1, "image": "", "slug": "rezalinux-salam2021-12-22-153653745811-613", "location_lat": null, "location_lng": null, "updated_on": "2021-12-22T15:36:53.746", "status": "PUB", "tag": [3, 36], "category": [27, 26]}}, {"model": "post.post", "pk": 215, "fields": {"title": "google", "body": "google", "shortdesc": "", "customer": 7, "created_on": "2021-12-22T16:02:45.204", "writer": 1, "image": "", "slug": "rezalinux-google2021-12-22-160245203871", "location_lat": null, "location_lng": null, "updated_on": "2021-12-22T16:02:45.204", "status": "PUB", "tag": [3], "category": [27]}}, {"model": "articles.article", "pk": 1, "fields": {"title": "viruuus", "body": "virusa baadan"}}]